customer_id,first_name,last_name,email,country,phone,created_date
1,Danice,Willmetts,dwillmetts0@pagesperso-orange.fr,South Korea,472 977 8868,02/10/2022
2,Graeme,Stobie,gstobie1@shareasale.com,Czech Republic,543 418 8038,25/06/2024
3,Garrek,Houlson,ghoulson2@cbslocal.com,Portugal,316 503 3758,11/10/2024
4,Valene,Burd,vburd3@ezinearticles.com,Argentina,309 629 8308,23/08/2024
5,Erena,Frichley,efrichley4@netlog.com,Indonesia,649 209 0336,26/01/2025
6,Reinaldo,Queyos,rqueyos5@sun.com,Peru,797 602 0186,13/12/2022
7,Odie,Orteau,oorteau6@deliciousdays.com,Poland,423 420 7496,17/05/2024
8,Hobart,Iskow,hiskow7@elpais.com,Philippines,642 557 6226,11/05/2024
9,Gavra,Upcott,gupcott8@fotki.com,China,926 949 8149,19/04/2023
10,Marguerite,Pearcey,mpearcey9@tiny.cc,Sweden,931 629 0232,11/11/2024
11,Florance,Brazur,fbrazura@twitter.com,Indonesia,423 220 5536,13/12/2022
12,Raymund,Stocking,rstockingb@washingtonpost.com,France,452 816 4864,07/10/2024
13,Ernst,Gomby,egombyc@yellowpages.com,Yemen,954 499 8021,25/12/2024
14,Bayard,Heck,bheckd@elegantthemes.com,China,733 764 8115,27/12/2022
15,Charin,Bairnsfather,cbairnsfathere@netlog.com,Namibia,749 901 5637,16/05/2025
16,Gothart,Edmonstone,gedmonstonef@lulu.com,China,382 619 4016,11/06/2023
17,Dolorita,Duns,ddunsg@sphinn.com,Azerbaijan,634 286 3464,31/08/2023
18,Emmanuel,Wilding,ewildingh@dot.gov,Russia,232 580 8483,25/06/2024
19,Gabrielle,Jerrard,gjerrardi@nsw.gov.au,Czech Republic,217 468 4630,30/03/2023
20,Cloris,Nazer,cnazerj@wikipedia.org,Ecuador,958 804 8835,08/03/2024
21,Joelle,Cathee,jcatheek@fotki.com,France,106 952 2172,15/11/2023
22,Lydie,Anscombe,lanscombel@so-net.ne.jp,North Korea,215 397 8206,12/09/2024
23,Reeba,McChruiter,rmcchruiterm@weebly.com,Poland,279 858 6772,29/09/2022
24,Anallese,Winchcum,awinchcumn@ca.gov,Portugal,172 429 6402,29/12/2024
25,Steven,Keller,skellero@seattletimes.com,Sweden,972 339 3889,19/08/2024
26,Cherice,Becks,cbecksp@blogspot.com,Mexico,585 174 5033,27/01/2024
27,Betti,Janiszewski,bjaniszewskiq@facebook.com,China,347 864 0073,29/07/2024
28,Leonard,Toby,ltobyr@marriott.com,Germany,127 303 9780,26/09/2022
29,Sibilla,Syde,ssydes@mashable.com,Niger,898 812 5443,28/04/2024
30,Joel,Guerrier,jguerriert@domainmarket.com,Mozambique,379 724 5442,13/03/2023
31,Halli,Mapledorum,hmapledorumu@cocolog-nifty.com,France,475 973 2978,11/02/2025
32,Udall,Danko,udankov@people.com.cn,China,121 166 9256,23/12/2022
33,Bartholomew,Sywell,bsywellw@cnn.com,China,999 607 7430,14/09/2023
34,Ciel,Ayshford,cayshfordx@psu.edu,France,995 108 7316,25/05/2025
35,Yolanda,Barczewski,ybarczewskiy@exblog.jp,Poland,963 968 6932,01/01/2025
36,Luca,Ordemann,lordemannz@moonfruit.com,Brazil,941 695 5569,31/12/2024
37,Bourke,Reddell,breddell10@ibm.com,Russia,900 323 0086,19/01/2023
38,Demetrius,Ingilson,dingilson11@imageshack.us,Bulgaria,956 256 3272,21/03/2025
39,Dore,Childes,dchildes12@mit.edu,Netherlands,848 887 3155,27/06/2024
40,Eloise,Towse,etowse13@storify.com,Indonesia,571 619 6884,28/04/2025
41,Lacey,Dorken,ldorken14@biblegateway.com,China,772 379 9953,04/02/2023
42,Reyna,Aronstein,raronstein15@newyorker.com,Philippines,917 184 6547,08/03/2025
43,Bruno,Gidley,bgidley16@flavors.me,Philippines,220 671 6242,27/12/2022
44,Alexandrina,Lunt,alunt17@marriott.com,Russia,416 678 8668,22/01/2025
45,Ally,Petkov,apetkov18@chronoengine.com,China,592 288 7140,27/04/2025
46,Noel,Brabyn,nbrabyn19@soundcloud.com,China,602 305 5787,24/01/2023
47,Annabel,Haslam,ahaslam1a@springer.com,Macedonia,998 173 9999,29/05/2024
48,Loutitia,Rosenthaler,lrosenthaler1b@amazon.co.jp,Sweden,480 858 6743,07/06/2025
49,Marijn,Ruggieri,mruggieri1c@seesaa.net,Indonesia,279 594 3074,15/03/2025
50,Tobin,Speirs,tspeirs1d@bigcartel.com,Malaysia,474 511 2359,28/07/2024
51,Lonni,Jeandet,ljeandet1e@edublogs.org,Germany,740 740 1344,22/10/2023
52,Obed,Evennett,oevennett1f@dyndns.org,Canada,552 978 3746,21/07/2023
53,Lauren,Marthen,lmarthen1g@a8.net,Malaysia,131 197 1137,19/10/2022
54,Kaylil,Gavigan,kgavigan1h@walmart.com,China,645 828 3400,06/04/2023
55,Tammie,Schoular,tschoular1i@thetimes.co.uk,Germany,463 670 7678,16/06/2023
56,Nesta,Greeves,ngreeves1j@pen.io,France,549 600 2089,22/05/2023
57,Shelby,Pippin,spippin1k@census.gov,Portugal,704 779 9443,22/06/2024
58,Flint,Moquin,fmoquin1l@gnu.org,Poland,439 281 8347,07/04/2024
59,Farly,Frarey,ffrarey1m@europa.eu,Portugal,653 989 8753,04/02/2025
60,Corena,Pitway,cpitway1n@google.ca,Sweden,640 803 9750,24/07/2023
61,Marion,Kopke,mkopke1o@house.gov,Russia,190 843 4086,02/12/2022
62,Belicia,Culcheth,bculcheth1p@uiuc.edu,France,542 313 1180,14/09/2024
63,Wallas,Dinan,wdinan1q@china.com.cn,United States,317 399 3146,03/12/2023
64,Hakeem,Overstall,hoverstall1r@exblog.jp,Russia,828 801 3966,01/07/2023
65,Salomo,Scarrisbrick,sscarrisbrick1s@elpais.com,Indonesia,905 147 6008,29/10/2024
66,Aldus,Headley,aheadley1t@gov.uk,Mexico,654 304 0074,17/01/2024
67,Bernete,Pasticznyk,bpasticznyk1u@hao123.com,France,653 728 7459,25/02/2023
68,Dorena,Kimm,dkimm1v@acquirethisname.com,Armenia,993 949 0472,27/02/2025
69,Merci,Stickens,mstickens1w@free.fr,Czech Republic,788 237 6029,30/03/2025
70,Holmes,Sebright,hsebright1x@exblog.jp,China,238 673 7132,22/10/2023
71,Jimmy,Giacobilio,jgiacobilio1y@cnn.com,Cameroon,723 615 3037,06/05/2025
72,Carline,Mansuer,cmansuer1z@telegraph.co.uk,China,753 188 6101,02/01/2024
73,Karlen,Capponeer,kcapponeer20@arstechnica.com,Spain,738 888 3377,23/10/2022
74,Irwin,Condell,icondell21@freewebs.com,Mexico,847 629 9567,08/12/2024
75,Roselia,Webburn,rwebburn22@cdc.gov,Norway,180 299 8103,05/09/2023
76,Theressa,Phinnis,tphinnis23@jigsy.com,Indonesia,166 399 8665,22/08/2023
77,Lev,Baldam,lbaldam24@redcross.org,China,983 361 0142,10/09/2023
78,Stillman,Glashby,sglashby25@a8.net,Brazil,758 661 6605,25/09/2024
79,Rolph,Gisborne,rgisborne26@amazon.de,Ukraine,358 792 3486,18/08/2023
80,Adrianna,Sugg,asugg27@lycos.com,China,289 514 6303,19/08/2024
81,Polly,Gash,pgash28@china.com.cn,Colombia,466 569 4265,21/05/2023
82,Megen,Drohan,mdrohan29@wikimedia.org,Poland,731 515 9057,25/01/2024
83,Drusie,Piddlehinton,dpiddlehinton2a@arstechnica.com,China,370 368 5443,11/10/2023
84,Lynett,Kreuzer,lkreuzer2b@samsung.com,Peru,544 930 2743,07/10/2023
85,Hally,Heugle,hheugle2c@addthis.com,Philippines,616 828 6149,28/06/2023
86,Shel,Emloch,semloch2d@vk.com,Japan,493 259 6913,24/03/2024
87,Kelly,Mees,kmees2e@wordpress.com,Philippines,151 616 2491,10/03/2024
88,Berget,Priscott,bpriscott2f@wikispaces.com,China,501 401 0108,18/10/2023
89,Bank,Rodman,brodman2g@drupal.org,Poland,102 443 4704,03/04/2024
90,Abie,Kelsow,akelsow2h@kickstarter.com,United States,206 656 0906,30/06/2024
91,Delmor,Kinworthy,dkinworthy2i@boston.com,Albania,654 348 0093,25/12/2024
92,Amelia,Cunrado,acunrado2j@canalblog.com,Croatia,956 551 9397,10/06/2025
93,Pauly,Penbarthy,ppenbarthy2k@altervista.org,Bangladesh,462 852 3048,06/08/2024
94,Loleta,Timmons,ltimmons2l@whitehouse.gov,New Zealand,185 887 6810,15/07/2022
95,Cash,Reyburn,creyburn2m@harvard.edu,Portugal,779 488 2626,12/06/2025
96,Radcliffe,Rehn,rrehn2n@google.es,Yemen,534 987 5631,26/10/2024
97,Chandler,Barnewell,cbarnewell2o@mapy.cz,Croatia,610 896 4784,19/11/2023
98,Jorge,Conroy,jconroy2p@indiatimes.com,Equatorial Guinea,372 848 5710,04/06/2024
99,Daffie,Yorkston,dyorkston2q@engadget.com,Poland,465 897 7713,19/04/2024
100,Ranna,Geake,rgeake2r@pen.io,Russia,294 272 5063,30/11/2023
101,Essy,Howitt,ehowitt2s@ebay.co.uk,France,210 209 2208,10/02/2023
102,Shanie,Hollingdale,shollingdale2t@livejournal.com,Indonesia,889 259 0518,24/11/2024
103,Noelyn,Andre,nandre2u@ehow.com,Japan,447 307 7542,05/03/2025
104,Bobbye,Rubinsaft,brubinsaft2v@parallels.com,Portugal,842 788 1331,08/06/2023
105,Susanne,Ashleigh,sashleigh2w@alibaba.com,China,638 602 8330,28/09/2024
106,Melitta,Boyan,mboyan2x@trellian.com,Serbia,515 861 1295,30/12/2024
107,Dianemarie,McGonigal,dmcgonigal2y@deliciousdays.com,Pakistan,757 937 9612,21/02/2024
108,Adorne,Jime,ajime2z@oracle.com,United States,215 677 0234,28/07/2022
109,Eloisa,Crenage,ecrenage30@mashable.com,Greece,380 335 5299,03/10/2023
110,Cirilo,Cantrell,ccantrell31@unc.edu,China,514 385 0877,10/07/2024
111,Jeanine,Moger,jmoger32@ebay.com,China,794 812 4029,15/10/2023
112,Derick,Jagels,djagels33@furl.net,Ukraine,257 171 2192,27/08/2022
113,Bianka,Kitchener,bkitchener34@statcounter.com,United States,402 696 4844,26/03/2025
114,Lane,Beetlestone,lbeetlestone35@scribd.com,Azerbaijan,975 148 4906,02/04/2023
115,Rudolph,Case,rcase36@shutterfly.com,Kyrgyzstan,211 288 8517,20/09/2022
116,Erskine,Lamonby,elamonby37@whitehouse.gov,Afghanistan,305 772 6628,28/05/2024
117,Yettie,McGougan,ymcgougan38@wisc.edu,Sweden,719 617 2165,06/11/2022
118,Saree,Goburn,sgoburn39@craigslist.org,United States,502 744 6640,03/12/2024
119,Shelby,Yannikov,syannikov3a@marketwatch.com,Indonesia,605 557 2805,26/03/2024
120,Bamby,Librey,blibrey3b@bing.com,Indonesia,846 119 5681,29/01/2025
121,Jannel,Antrobus,jantrobus3c@gnu.org,Indonesia,295 898 5995,01/11/2024
122,Erroll,Stansall,estansall3d@webs.com,Japan,839 500 4626,06/05/2025
123,Tanya,Slarke,tslarke3e@bloglines.com,Yemen,619 179 4042,24/08/2024
124,Katheryn,Finding,kfinding3f@fc2.com,Sweden,767 424 1100,17/02/2024
125,Hermie,Grabham,hgrabham3g@hubpages.com,China,101 994 0567,22/07/2023
126,Claudine,Lawford,clawford3h@theguardian.com,Canada,394 113 8624,26/06/2024
127,Tabby,Ludgate,tludgate3i@businesswire.com,China,853 267 6005,08/09/2024
128,Bettye,Crisall,bcrisall3j@icio.us,China,253 915 0692,23/01/2023
129,Claybourne,Manuello,cmanuello3k@phoca.cz,China,812 951 8237,19/09/2023
130,Harald,Gowling,hgowling3l@craigslist.org,Russia,523 902 8141,15/12/2023
131,Archibaldo,Djordjevic,adjordjevic3m@arizona.edu,Philippines,417 853 2228,21/08/2022
132,Greggory,Tumber,gtumber3n@usgs.gov,Syria,371 983 5034,12/06/2024
133,Lance,Raggett,lraggett3o@opera.com,Russia,262 929 1130,30/03/2023
134,Octavia,Shilliday,oshilliday3p@mapy.cz,Sweden,893 264 6698,05/03/2023
135,Iver,Limeburn,ilimeburn3q@cdbaby.com,China,525 281 3823,12/09/2024
136,Trev,Grimsdale,tgrimsdale3r@discovery.com,Indonesia,269 836 3277,20/01/2024
137,Alvan,Jerome,ajerome3s@fotki.com,Bulgaria,774 890 4394,07/10/2024
138,Graeme,Ebertz,gebertz3t@reuters.com,Ukraine,118 431 6131,17/04/2023
139,Brooks,Oldcroft,boldcroft3u@techcrunch.com,China,886 647 2004,28/08/2024
140,Sterling,Tufts,stufts3v@twitter.com,Philippines,259 526 4124,25/12/2024
141,Wilow,Gaize,wgaize3w@irs.gov,China,144 579 4275,07/02/2025
142,Dulce,Clowney,dclowney3x@sourceforge.net,China,381 138 5154,09/10/2024
143,Myrtia,Henaughan,mhenaughan3y@twitter.com,Norway,639 229 4865,27/07/2022
144,Ruthann,Rush,rrush3z@washingtonpost.com,China,957 967 1035,18/07/2022
145,Elisabetta,Schoffler,eschoffler40@goo.ne.jp,France,739 184 5334,28/02/2023
146,Adria,Gwilliam,agwilliam41@blinklist.com,Gambia,799 670 6256,08/12/2023
147,Abbot,Durtnel,adurtnel42@hhs.gov,Portugal,662 199 3381,27/03/2023
148,Del,Shenton,dshenton43@walmart.com,Macedonia,159 508 0075,27/12/2023
149,Gaspar,Fishpoole,gfishpoole44@theatlantic.com,Indonesia,793 697 4006,04/12/2022
150,Clive,Gabala,cgabala45@ameblo.jp,Argentina,150 725 7301,02/02/2023
151,Jodi,Measor,jmeasor46@psu.edu,France,419 742 2947,25/07/2024
152,Torrence,Gallear,tgallear47@examiner.com,Macedonia,221 110 4438,10/09/2024
153,Claiborn,Ivell,civell48@google.pl,China,286 714 3542,05/07/2023
154,Rosene,Korneichik,rkorneichik49@opensource.org,Lesotho,645 603 5139,25/07/2022
155,Neel,Fulkes,nfulkes4a@ucsd.edu,Peru,606 921 2735,20/12/2022
156,Irena,De Paoli,idepaoli4b@ask.com,Madagascar,995 905 9324,06/01/2024
157,Eadie,Risbridge,erisbridge4c@dion.ne.jp,Sweden,331 114 5315,23/10/2022
158,Francklin,Matejic,fmatejic4d@quantcast.com,Ireland,895 557 9504,06/02/2023
159,Elsie,Jorioz,ejorioz4e@fastcompany.com,Nepal,101 393 8721,02/07/2023
160,Kassie,Ivannikov,kivannikov4f@ycombinator.com,Latvia,904 369 8072,08/10/2022
161,Rayna,Bernaldez,rbernaldez4g@ustream.tv,Indonesia,768 135 2527,13/12/2022
162,Letitia,Burris,lburris4h@cnbc.com,Indonesia,708 132 4473,10/09/2023
163,Allyce,Templman,atemplman4i@goo.gl,Greece,975 759 1391,18/01/2023
164,Sanson,Michieli,smichieli4j@google.fr,Portugal,623 666 6248,11/07/2025
165,Vicki,Marcroft,vmarcroft4k@cocolog-nifty.com,China,588 791 6452,23/10/2024
166,Irwinn,Bastide,ibastide4l@t-online.de,Indonesia,805 627 8959,18/06/2024
167,Cynthy,Cluely,ccluely4m@seesaa.net,Mexico,474 331 0131,16/05/2023
168,Ulric,Undy,uundy4n@ebay.com,Sweden,998 415 1969,11/04/2025
169,Jan,Onians,jonians4o@tmall.com,China,263 510 0483,22/11/2022
170,Diandra,Boc,dboc4p@xrea.com,Indonesia,178 548 9406,18/11/2023
171,Mayne,Ogles,mogles4q@ask.com,Indonesia,249 298 4675,31/05/2024
172,Virgina,Arangy,varangy4r@friendfeed.com,Afghanistan,171 513 9426,08/04/2024
173,Noel,Bonifant,nbonifant4s@omniture.com,Indonesia,201 721 6223,23/11/2024
174,Laurice,Vousden,lvousden4t@mtv.com,China,172 125 0142,22/01/2023
175,Dani,Tebbett,dtebbett4u@printfriendly.com,Colombia,674 215 7610,08/08/2022
176,Merilee,Philcox,mphilcox4v@engadget.com,Bulgaria,592 503 4513,24/06/2023
177,Nathaniel,Risdall,nrisdall4w@multiply.com,Indonesia,497 376 5564,26/10/2023
178,Maxie,Charon,mcharon4x@tiny.cc,Democratic Republic of the Congo,674 398 3323,28/09/2022
179,Alfy,Pindell,apindell4y@theatlantic.com,Sierra Leone,112 215 0435,03/02/2024
180,Vivienne,Brash,vbrash4z@weebly.com,China,217 826 3017,24/06/2025
181,Ulises,Formilli,uformilli50@pen.io,Tajikistan,976 617 1012,30/12/2022
182,Sergent,West-Frimley,swestfrimley51@biglobe.ne.jp,China,127 555 7075,26/11/2024
183,Eli,McVity,emcvity52@geocities.com,Portugal,346 789 9543,24/11/2024
184,Bobette,Starkings,bstarkings53@tmall.com,Japan,737 880 2452,11/08/2022
185,Riva,Beet,rbeet54@shinystat.com,China,785 904 1724,30/09/2024
186,Martguerita,Checketts,mchecketts55@amazon.de,China,665 295 5035,10/06/2025
187,Coralie,Avarne,cavarne56@google.co.uk,Kazakhstan,229 438 1284,18/06/2024
188,Indira,Waszczyk,iwaszczyk57@phpbb.com,Indonesia,512 441 1606,04/12/2023
189,Sibyl,Gayne,sgayne58@fema.gov,Japan,344 187 2317,17/07/2023
190,Cecile,Lindroos,clindroos59@liveinternet.ru,Philippines,610 186 3199,25/12/2024
191,Misti,Haruard,mharuard5a@mapy.cz,Indonesia,201 293 3698,25/01/2024
192,Milton,Yoakley,myoakley5b@twitpic.com,China,420 836 0198,13/09/2024
193,Auberta,Odcroft,aodcroft5c@msn.com,Peru,893 804 7611,16/08/2024
194,Roshelle,Jannasch,rjannasch5d@symantec.com,Ukraine,236 772 3469,17/02/2024
195,Irv,Edgett,iedgett5e@spiegel.de,Tanzania,598 151 7952,13/08/2023
196,Ally,Gritton,agritton5f@oracle.com,South Africa,482 414 0787,24/10/2022
197,Rochette,Malamore,rmalamore5g@hibu.com,Croatia,630 569 0317,07/12/2022
198,Mile,Stains,mstains5h@theatlantic.com,Colombia,641 311 4160,29/09/2022
199,Kassi,Van Son,kvanson5i@shop-pro.jp,South Africa,582 949 5611,09/03/2023
200,Fitzgerald,Konneke,fkonneke5j@salon.com,China,464 752 2856,23/06/2024
201,Lise,Baroch,lbaroch5k@scientificamerican.com,Philippines,342 925 1415,09/08/2023
202,Suzanne,Briar,sbriar5l@istockphoto.com,China,456 618 6280,29/04/2023
203,Kania,Flemyng,kflemyng5m@bandcamp.com,Pakistan,467 810 6506,03/06/2024
204,Worthy,Stott,wstott5n@sina.com.cn,Sweden,668 983 2769,07/11/2023
205,Tracy,Newbury,tnewbury5o@moonfruit.com,China,757 532 5405,05/08/2024
206,Alica,Bezzant,abezzant5p@amazonaws.com,Poland,583 110 1789,30/05/2023
207,Quillan,Rames,qrames5q@pcworld.com,Libya,391 522 9667,08/03/2025
208,Gabriel,Welman,gwelman5r@upenn.edu,Russia,940 218 6963,17/07/2024
209,Isobel,Eve,ieve5s@goo.ne.jp,China,675 244 3414,14/12/2022
210,Melania,Lavin,mlavin5t@wikia.com,France,604 385 1745,07/01/2025
211,Jard,Middlewick,jmiddlewick5u@4shared.com,Swaziland,375 101 7289,27/08/2023
212,Erick,Reskelly,ereskelly5v@blogs.com,Argentina,162 357 6724,18/10/2022
213,Kip,Gipps,kgipps5w@google.com.br,Argentina,675 851 5671,06/02/2024
214,Libbie,Hubbart,lhubbart5x@scientificamerican.com,Russia,937 387 9328,19/01/2023
215,Marlyn,Phippin,mphippin5y@fema.gov,Philippines,717 597 3452,29/09/2023
216,Robinette,Carik,rcarik5z@ted.com,Philippines,389 996 3780,12/01/2025
217,Codee,Darter,cdarter60@businessinsider.com,Papua New Guinea,651 639 1992,31/03/2025
218,Eleanor,MacCoughan,emaccoughan61@howstuffworks.com,Colombia,581 696 1611,17/01/2024
219,Jdavie,Marcam,jmarcam62@newyorker.com,Brazil,365 383 2169,31/12/2024
220,Drucie,Peiser,dpeiser63@rakuten.co.jp,France,301 919 8499,13/08/2024
221,Sherrie,Gergely,sgergely64@jimdo.com,South Africa,182 295 6896,29/03/2023
222,Danielle,Morrill,dmorrill65@msn.com,Azerbaijan,717 253 0779,22/05/2024
223,Lorette,Copello,lcopello66@disqus.com,Panama,934 102 1701,31/08/2023
224,Gustavo,Hadigate,ghadigate67@exblog.jp,China,701 911 1126,29/03/2024
225,Archie,Ethridge,aethridge68@over-blog.com,Libya,324 133 6468,30/09/2024
226,Mohammed,Brose,mbrose69@51.la,Sweden,275 811 4298,11/08/2023
227,Christiana,McColl,cmccoll6a@miitbeian.gov.cn,France,100 581 8795,18/03/2024
228,Mag,Tunnah,mtunnah6b@tumblr.com,Serbia,889 676 8312,28/07/2024
229,Birdie,Castillo,bcastillo6c@zimbio.com,China,834 435 2126,01/06/2025
230,Janeen,Barbey,jbarbey6d@jalbum.net,Sweden,384 370 1330,11/06/2025
231,Sholom,Stoll,sstoll6e@time.com,Brazil,133 269 3159,23/12/2022
232,Christabella,Tomaschke,ctomaschke6f@posterous.com,Russia,982 171 8136,14/05/2025
233,Sherlocke,Lapham,slapham6g@godaddy.com,China,808 562 1849,29/11/2024
234,Rona,McCerery,rmccerery6h@xing.com,China,923 932 7753,05/08/2023
235,Cart,Coxhell,ccoxhell6i@reddit.com,Kenya,447 249 9785,13/05/2023
236,Haily,Goodlatt,hgoodlatt6j@yellowbook.com,Nigeria,119 223 2331,06/03/2025
237,Tommie,Course,tcourse6k@earthlink.net,China,519 215 6330,16/11/2023
238,Andris,Almeida,aalmeida6l@spiegel.de,Philippines,935 180 5685,18/05/2025
239,Kellen,Pedlingham,kpedlingham6m@sciencedaily.com,Ghana,547 271 1645,15/01/2025
240,Ric,De Coursey,rdecoursey6n@storify.com,Philippines,658 235 0927,11/01/2024
241,Leonhard,Tampling,ltampling6o@usgs.gov,Thailand,921 706 0491,13/08/2024
242,Uriel,Zimmerman,uzimmerman6p@wsj.com,China,685 337 3329,30/09/2023
243,Milly,Willowby,mwillowby6q@google.ru,Peru,224 660 8051,18/12/2022
244,Agatha,Richie,arichie6r@alexa.com,Philippines,936 257 1826,07/07/2023
245,Kingsley,Rymour,krymour6s@list-manage.com,Japan,771 536 5788,23/06/2025
246,Emylee,Billie,ebillie6t@nba.com,China,412 346 7561,12/02/2025
247,Ardine,Bromhead,abromhead6u@eepurl.com,China,852 567 9373,23/09/2023
248,Odo,Ivachyov,oivachyov6v@soup.io,Nigeria,971 565 5890,28/10/2022
249,Gradey,Bilson,gbilson6w@sphinn.com,Uzbekistan,332 761 8663,05/12/2024
250,Fabian,Lapworth,flapworth6x@cpanel.net,Indonesia,929 105 8179,07/06/2024
251,Denny,Kersaw,dkersaw6y@icq.com,Russia,784 343 3094,23/04/2024
252,Emmery,Rubinivitz,erubinivitz6z@angelfire.com,Indonesia,629 623 0047,08/11/2023
253,Deb,Mayhead,dmayhead70@apple.com,Sweden,646 949 6398,07/11/2024
254,Rebeca,Burdon,rburdon71@tinypic.com,Brazil,331 103 9372,13/09/2024
255,Silvio,Henbury,shenbury72@zimbio.com,Panama,259 159 3455,21/01/2023
256,Tomkin,Dani,tdani73@prlog.org,Thailand,737 517 9250,06/10/2024
257,Gennifer,Kewley,gkewley74@prnewswire.com,France,631 566 9479,11/08/2024
258,Allissa,Conen,aconen75@ihg.com,Ethiopia,314 593 7971,16/10/2022
259,Daisy,Chevins,dchevins76@weibo.com,China,787 730 5752,18/07/2024
260,Marco,Roycroft,mroycroft77@examiner.com,Philippines,396 193 5173,12/07/2024
261,Geralda,Scullion,gscullion78@patch.com,Philippines,599 269 8133,10/08/2023
262,Loleta,Shallcroff,lshallcroff79@wikispaces.com,Ukraine,883 876 3005,21/03/2025
263,Gracia,Spon,gspon7a@phpbb.com,Indonesia,817 480 7593,17/08/2023
264,Anissa,Pinilla,apinilla7b@time.com,Japan,588 899 2943,26/09/2024
265,Ag,Kimmerling,akimmerling7c@mac.com,China,738 290 0203,13/09/2023
266,Vidovic,Keford,vkeford7d@jalbum.net,Greece,835 959 7117,20/02/2024
267,Elva,McKennan,emckennan7e@dailymotion.com,Afghanistan,286 726 0513,17/08/2024
268,Hedda,Widmoor,hwidmoor7f@unicef.org,China,833 476 1635,01/02/2024
269,Maren,Tattersdill,mtattersdill7g@earthlink.net,China,408 764 3405,05/01/2023
270,Mattheus,Fetteplace,mfetteplace7h@gmpg.org,Mexico,691 305 0025,19/10/2022
271,Prentiss,Burdekin,pburdekin7i@umn.edu,Ethiopia,415 259 3102,01/10/2022
272,Randal,Cavil,rcavil7j@networkadvertising.org,France,244 187 3096,16/02/2023
273,Garrek,Ferreri,gferreri7k@sourceforge.net,Thailand,796 154 3631,20/12/2022
274,Marilee,Joanaud,mjoanaud7l@tripod.com,Ukraine,178 444 0299,07/05/2023
275,Dody,Spehr,dspehr7m@google.com.br,Indonesia,162 402 4307,07/01/2023
276,Kris,Illingsworth,killingsworth7n@dyndns.org,Senegal,888 332 7946,07/04/2024
277,Mindy,Dabnot,mdabnot7o@indiegogo.com,Philippines,937 959 1160,11/12/2022
278,Alfie,Michelotti,amichelotti7p@pcworld.com,Pakistan,280 341 0168,22/07/2024
279,Marc,Aubery,maubery7q@mapquest.com,Poland,280 132 6449,17/09/2024
280,Catriona,Longford,clongford7r@amazon.de,Philippines,629 167 4579,05/07/2024
281,Merola,Hicklingbottom,mhicklingbottom7s@constantcontact.com,Brazil,432 447 8783,20/02/2023
282,Barret,Ounsworth,bounsworth7t@google.com.hk,China,386 353 5960,16/11/2023
283,Rubi,Finnie,rfinnie7u@angelfire.com,Canada,594 942 8962,29/07/2023
284,Burty,Speachley,bspeachley7v@forbes.com,Czech Republic,409 561 2737,25/02/2023
285,Dulcie,Brenton,dbrenton7w@wsj.com,Brazil,120 456 7995,28/10/2022
286,Ebba,Hartwell,ehartwell7x@jigsy.com,Brazil,796 250 0368,26/04/2025
287,Valida,Halloran,vhalloran7y@biblegateway.com,Sweden,741 744 5594,22/05/2024
288,Hobey,Cressy,hcressy7z@unblog.fr,Indonesia,206 348 3130,25/11/2022
289,Allix,Eastment,aeastment80@flavors.me,Indonesia,216 422 9801,24/03/2025
290,Carlos,Aubury,caubury81@oakley.com,China,848 647 8985,16/05/2024
291,Emilio,Wane,ewane82@answers.com,Brazil,167 976 4638,24/02/2023
292,Stepha,Signori,ssignori83@unicef.org,Sudan,810 758 1646,07/02/2025
293,Raeann,Janous,rjanous84@opensource.org,China,113 196 3552,04/09/2023
294,Steven,Yanele,syanele85@oracle.com,Russia,307 873 8028,27/12/2023
295,Maible,Courtese,mcourtese86@mapy.cz,Poland,445 948 7098,05/01/2023
296,Denver,Finden,dfinden87@cpanel.net,China,459 466 6502,25/12/2023
297,Wolfy,Geldeford,wgeldeford88@bizjournals.com,Luxembourg,144 853 0025,25/09/2024
298,Agata,Flynn,aflynn89@canalblog.com,Uruguay,637 146 2182,11/03/2024
299,Stephani,Holtum,sholtum8a@themeforest.net,Poland,978 531 3271,24/09/2022
300,Tessa,Domico,tdomico8b@nasa.gov,Portugal,830 611 5671,22/04/2023
301,Gene,Scougal,gscougal8c@fastcompany.com,Ukraine,847 796 0366,01/09/2022
302,Willy,Saphir,wsaphir8d@plala.or.jp,Philippines,725 160 3427,18/12/2023
303,Maximilian,Gudeman,mgudeman8e@delicious.com,Philippines,305 551 1296,06/09/2022
304,Aymer,Sloyan,asloyan8f@businesswire.com,China,271 888 5609,23/10/2023
305,Iver,Shilito,ishilito8g@technorati.com,New Zealand,594 605 1240,08/09/2022
306,Stanly,Brodbin,sbrodbin8h@youku.com,Peru,777 116 7022,29/03/2024
307,Kevin,Yapp,kyapp8i@addthis.com,Uruguay,211 382 2698,17/02/2024
308,Neron,Maywood,nmaywood8j@dailymail.co.uk,Egypt,583 136 7486,09/08/2024
309,Roscoe,Pree,rpree8k@diigo.com,Poland,398 821 3686,02/06/2024
310,Deina,Poure,dpoure8l@gravatar.com,China,251 227 7455,31/08/2024
311,Brigg,Mellmer,bmellmer8m@scribd.com,China,267 381 5099,16/07/2024
312,Leanora,Cristofalo,lcristofalo8n@netlog.com,Tonga,108 491 1806,13/11/2022
313,Malissia,Morrant,mmorrant8o@bandcamp.com,Vietnam,475 991 2345,07/07/2023
314,Britt,Menicomb,bmenicomb8p@mediafire.com,France,200 583 9328,29/05/2024
315,Marabel,Monday,mmonday8q@businessweek.com,Russia,725 126 6419,03/11/2024
316,Brody,Springtorp,bspringtorp8r@adobe.com,Indonesia,320 100 9399,22/09/2022
317,Henrik,Stadding,hstadding8s@unc.edu,Russia,866 806 1116,15/12/2023
318,Tova,Rigmond,trigmond8t@eepurl.com,Greece,626 221 7318,10/03/2025
319,Ramona,Habbema,rhabbema8u@netscape.com,Poland,412 765 1604,30/06/2023
320,Aaren,Kilty,akilty8v@tripod.com,China,854 854 3368,02/01/2025
321,Marlin,Guiel,mguiel8w@blogtalkradio.com,China,995 783 1986,24/08/2022
322,Valery,Maughan,vmaughan8x@tumblr.com,Russia,521 498 1143,14/09/2024
323,Xymenes,Witcomb,xwitcomb8y@phpbb.com,Brazil,758 378 3335,07/07/2023
324,Abie,Jouhan,ajouhan8z@netlog.com,China,826 192 8077,29/10/2024
325,Gustave,Finnis,gfinnis90@discuz.net,Ethiopia,129 900 6905,09/12/2023
326,Crista,Shovelton,cshovelton91@weather.com,Poland,268 278 0101,11/11/2023
327,Tabitha,de Courcey,tdecourcey92@yelp.com,United States,971 143 7073,15/04/2023
328,Marjory,Perico,mperico93@omniture.com,Sweden,287 834 6419,06/12/2024
329,Alvin,Letixier,aletixier94@gravatar.com,Indonesia,779 309 6512,10/04/2024
330,Matilde,Redmile,mredmile95@ocn.ne.jp,Indonesia,685 930 5390,24/08/2022
331,Hilarius,Tschiersch,htschiersch96@surveymonkey.com,Ethiopia,849 922 2950,02/07/2025
332,Donia,Hinzer,dhinzer97@yolasite.com,Sweden,114 739 8140,26/03/2025
333,Staffard,Bartos,sbartos98@marriott.com,Russia,651 264 3313,03/01/2025
334,Wittie,Casassa,wcasassa99@webs.com,Peru,441 314 3348,28/12/2023
335,Thorin,Dobrovolski,tdobrovolski9a@kickstarter.com,China,769 230 4463,20/07/2023
336,Tucky,Moreinis,tmoreinis9b@amazonaws.com,Ecuador,960 414 0862,03/05/2024
337,Caren,Caddick,ccaddick9c@census.gov,China,886 893 4503,25/05/2023
338,Noel,Shinefield,nshinefield9d@netscape.com,China,716 970 6346,26/06/2025
339,Erin,Ionesco,eionesco9e@guardian.co.uk,Peru,433 330 3508,07/09/2022
340,Klarika,Jaslem,kjaslem9f@google.com.br,China,250 629 5461,25/05/2023
341,Ara,Bartoletti,abartoletti9g@parallels.com,China,163 538 3382,11/05/2025
342,Puff,Lockless,plockless9h@earthlink.net,Peru,720 194 2193,29/04/2024
343,Rosalia,Pray,rpray9i@themeforest.net,China,813 176 1179,05/09/2024
344,Gussie,Probart,gprobart9j@scientificamerican.com,Indonesia,803 437 2959,08/06/2025
345,Jere,Brack,jbrack9k@geocities.com,Philippines,596 741 5785,08/01/2023
346,Kore,Drage,kdrage9l@columbia.edu,China,598 181 7684,22/06/2024
347,Marjory,Honsch,mhonsch9m@newyorker.com,Philippines,693 821 6959,01/07/2025
348,Wiley,Hailston,whailston9n@tinypic.com,Tanzania,369 516 9692,15/06/2025
349,Ulrikaumeko,Giacovelli,ugiacovelli9o@webmd.com,Japan,998 398 6516,23/09/2024
350,Emmery,Smales,esmales9p@photobucket.com,Czech Republic,975 124 8202,27/03/2024
351,Arni,Abel,aabel9q@ucoz.com,China,357 292 6112,09/10/2023
352,Elisabeth,Stanmore,estanmore9r@ox.ac.uk,Indonesia,423 499 6725,09/04/2023
353,Jena,Himsworth,jhimsworth9s@arstechnica.com,Brazil,280 377 7699,16/07/2022
354,Lorne,Tivolier,ltivolier9t@over-blog.com,Belarus,483 259 8512,20/02/2023
355,Darice,Aleshintsev,daleshintsev9u@usnews.com,Lithuania,334 849 1121,04/12/2023
356,Adrian,Pulster,apulster9v@deviantart.com,Indonesia,903 456 5811,28/07/2022
357,Shandeigh,Halso,shalso9w@cbslocal.com,United States,212 302 7085,16/06/2025
358,Monte,Chsteney,mchsteney9x@techcrunch.com,Philippines,337 708 6701,25/11/2024
359,Gilbert,Trythall,gtrythall9y@spotify.com,Poland,884 695 2489,20/07/2024
360,Sephira,O'Hagerty,sohagerty9z@cyberchimps.com,Guatemala,680 278 1576,11/11/2024
361,Grannie,Vallery,gvallerya0@dailymail.co.uk,Syria,874 134 1310,08/04/2024
362,Cy,Teffrey,cteffreya1@ocn.ne.jp,Uruguay,890 162 7456,22/12/2023
363,Vanni,Jays,vjaysa2@mashable.com,Poland,617 567 5911,07/05/2023
364,Deonne,Abberley,dabberleya3@si.edu,China,405 725 0630,18/02/2025
365,Dosi,Hattrick,dhattricka4@gravatar.com,China,452 296 6244,03/09/2023
366,Elisha,Baron,ebarona5@cloudflare.com,Sweden,810 926 4452,06/08/2024
367,Harriett,Goodbourn,hgoodbourna6@accuweather.com,Brazil,415 743 3750,10/01/2024
368,Godart,Maruszewski,gmaruszewskia7@dailymotion.com,Germany,228 648 4607,27/06/2024
369,Joanna,Fritz,jfritza8@rediff.com,Kenya,672 223 9764,01/06/2024
370,Freeman,Boughey,fbougheya9@foxnews.com,Russia,452 127 2967,30/07/2023
371,Giacinta,Klasen,gklasenaa@tumblr.com,Peru,205 935 2196,22/02/2025
372,Waldo,Louder,wlouderab@twitter.com,Macedonia,308 767 9604,30/08/2023
373,Darbee,Swindells,dswindellsac@php.net,Ukraine,782 643 3059,13/07/2025
374,Marley,Schulze,mschulzead@cpanel.net,Canada,297 524 2478,04/11/2023
375,Zabrina,Hazelton,zhazeltonae@mit.edu,Mexico,249 169 4801,21/03/2024
376,Melli,Kemitt,mkemittaf@netscape.com,Indonesia,747 167 6568,05/09/2024
377,Avictor,Linebarger,alinebargerag@sciencedaily.com,Canada,599 206 4654,15/04/2024
378,Christine,Monkhouse,cmonkhouseah@squidoo.com,Kazakhstan,669 401 7568,07/06/2023
379,Evelyn,Lavery,elaveryai@exblog.jp,Indonesia,300 701 7644,07/08/2024
380,Shane,Sketchley,ssketchleyaj@wsj.com,Thailand,318 707 6417,17/09/2022
381,Buffy,Church,bchurchak@hexun.com,Czech Republic,442 426 1638,16/07/2024
382,Lois,Skypp,lskyppal@springer.com,Portugal,611 396 5516,20/05/2025
383,Elnore,Gaber,egaberam@icio.us,Japan,568 959 2197,02/09/2022
384,Leonard,Battisson,lbattissonan@addtoany.com,Bosnia and Herzegovina,311 663 5231,29/03/2024
385,Alanna,McLucas,amclucasao@exblog.jp,Indonesia,780 351 2223,04/11/2022
386,Ora,Bouttell,obouttellap@fema.gov,Philippines,543 423 5186,26/06/2025
387,Arie,Gripton,agriptonaq@constantcontact.com,Mexico,265 810 6998,26/10/2022
388,Conny,Haly,chalyar@ibm.com,Tunisia,544 133 8451,28/01/2024
389,Burg,Lipson,blipsonas@google.co.jp,Colombia,431 534 9655,06/11/2022
390,Sharron,Jachimak,sjachimakat@mlb.com,Egypt,340 471 8326,25/12/2022
391,Tandie,MacGeffen,tmacgeffenau@mysql.com,Greece,540 239 5385,21/02/2023
392,Iolanthe,Challice,ichalliceav@weibo.com,Philippines,545 942 6138,09/12/2023
393,Caitrin,Kensett,ckensettaw@answers.com,France,734 964 2183,17/04/2024
394,Inez,Giacomoni,igiacomoniax@is.gd,Peru,268 632 4010,15/10/2024
395,Tucky,Kordovani,tkordovaniay@vimeo.com,China,424 353 1115,09/01/2024
396,Pearla,Trenfield,ptrenfieldaz@youtube.com,China,667 966 1355,05/10/2022
397,Giuditta,Harriagn,gharriagnb0@sohu.com,Georgia,319 737 3928,17/02/2024
398,Hew,Becke,hbeckeb1@wufoo.com,China,516 341 6687,30/08/2022
399,Juditha,Sijmons,jsijmonsb2@flickr.com,China,741 123 9205,08/03/2025
400,Milzie,Tansly,mtanslyb3@cisco.com,Poland,858 502 8326,07/08/2024
401,Carlin,Welland,cwellandb4@yellowbook.com,Brazil,160 960 3478,08/10/2022
402,Heath,Exell,hexellb5@deliciousdays.com,Mongolia,928 602 3002,27/01/2023
403,Rancell,Dyster,rdysterb6@amazonaws.com,Indonesia,781 555 8859,16/03/2024
404,Rupert,Leith-Harvey,rleithharveyb7@issuu.com,Japan,632 988 5054,11/06/2025
405,Ali,Strephan,astrephanb8@networkadvertising.org,China,338 899 1495,04/10/2022
406,Haley,Zelake,hzelakeb9@constantcontact.com,Sweden,780 248 8174,10/02/2025
407,Melba,Drinkwater,mdrinkwaterba@wix.com,China,992 213 2754,06/12/2024
408,Cos,Levet,clevetbb@usgs.gov,Poland,728 505 0618,06/06/2025
409,Klemens,Caro,kcarobc@alexa.com,Dominican Republic,617 621 6067,13/05/2023
410,Billy,Empson,bempsonbd@aol.com,Indonesia,462 385 5163,24/11/2022
411,Ringo,Hyam,rhyambe@intel.com,China,912 608 8091,13/12/2023
412,Brady,Consadine,bconsadinebf@ycombinator.com,China,126 589 4332,09/09/2023
413,Sigmund,Beatey,sbeateybg@yolasite.com,China,953 942 6526,20/11/2022
414,Briant,Thewles,bthewlesbh@umn.edu,Guatemala,616 199 8069,20/04/2023
415,Silas,Utridge,sutridgebi@cpanel.net,Portugal,443 129 0534,22/09/2022
416,Aila,Healy,ahealybj@google.co.uk,Guatemala,714 608 0849,23/07/2023
417,Chere,Cisneros,ccisnerosbk@cnet.com,United States,773 723 9189,25/06/2023
418,Kristoffer,Bonnefin,kbonnefinbl@sphinn.com,China,563 741 8768,23/08/2024
419,Isador,Rea,ireabm@baidu.com,French Polynesia,784 802 9436,27/11/2024
420,Etienne,Mallia,emalliabn@bbb.org,Honduras,377 217 3240,27/07/2024
421,Dede,Casseldine,dcasseldinebo@wired.com,Russia,843 706 5730,14/06/2024
422,Sid,Arends,sarendsbp@ucoz.ru,China,468 172 7328,31/01/2024
423,Leo,Mulrean,lmulreanbq@apple.com,Ukraine,889 948 3918,23/12/2022
424,Sibeal,MacAne,smacanebr@bloglines.com,Indonesia,781 549 7950,28/03/2023
425,Hiram,Trymme,htrymmebs@cmu.edu,Canada,176 311 6647,27/04/2025
426,Erastus,Bourdice,ebourdicebt@mashable.com,Colombia,214 526 1756,25/02/2024
427,Lothaire,Salterne,lsalternebu@marketwatch.com,China,961 350 8635,28/10/2023
428,Brian,Haack,bhaackbv@squidoo.com,China,300 346 7431,23/04/2023
429,Dot,Beaconsall,dbeaconsallbw@e-recht24.de,Ukraine,734 543 3889,27/04/2024
430,Davina,Howlings,dhowlingsbx@omniture.com,United Kingdom,506 649 2323,27/02/2023
431,Mitch,Handes,mhandesby@miibeian.gov.cn,Chile,274 422 8112,29/04/2025
432,Antoinette,Charrisson,acharrissonbz@google.ca,Palestinian Territory,248 806 0013,04/04/2024
433,Margarete,Huntall,mhuntallc0@cnn.com,China,954 281 8417,13/05/2024
434,Craggy,Momery,cmomeryc1@comsenz.com,Israel,999 507 1597,09/03/2025
435,Weber,Caush,wcaushc2@wix.com,China,870 773 1820,13/12/2024
436,Angelika,Adamek,aadamekc3@techcrunch.com,China,940 935 3641,01/08/2022
437,Obie,Chaney,ochaneyc4@github.com,United States,571 347 1546,26/11/2024
438,Morissa,Maplesden,mmaplesdenc5@tamu.edu,China,486 484 0908,04/12/2024
439,Perren,Tompkin,ptompkinc6@addthis.com,Saudi Arabia,497 171 0814,10/12/2024
440,Otha,Probbing,oprobbingc7@fc2.com,China,174 479 7115,21/07/2022
441,Tamar,Livett,tlivettc8@fastcompany.com,Argentina,464 246 5203,26/09/2024
442,Bendix,Pusey,bpuseyc9@e-recht24.de,Russia,726 110 1799,30/10/2022
443,Cord,Caudelier,ccaudelierca@netscape.com,Indonesia,955 862 5002,19/08/2023
444,Sofia,Bittany,sbittanycb@deliciousdays.com,Serbia,795 111 1634,30/10/2022
445,Shantee,Quinn,squinncc@irs.gov,Russia,754 670 3851,29/09/2022
446,Abigail,Kristoffersson,akristofferssoncd@shareasale.com,Thailand,271 640 1563,27/12/2023
447,Noelle,Grinsdale,ngrinsdalece@chron.com,Portugal,395 367 9149,14/05/2024
448,Heida,Iacovone,hiacovonecf@addtoany.com,Russia,321 605 0731,09/12/2024
449,Tiertza,Forseith,tforseithcg@ca.gov,Cyprus,389 399 2804,02/01/2025
450,Zahara,Pawley,zpawleych@wikimedia.org,Sweden,705 733 8144,13/10/2023
451,Diena,Klink,dklinkci@bigcartel.com,China,636 537 8930,10/05/2025
452,Rogerio,Extall,rextallcj@geocities.com,France,736 138 8561,12/05/2024
453,Rollins,Fryd,rfrydck@goo.ne.jp,Honduras,452 119 5367,21/12/2023
454,Krissie,Bartomeu,kbartomeucl@imgur.com,China,883 810 4907,04/10/2024
455,Constancia,Braunds,cbraundscm@ihg.com,Russia,883 849 5735,09/04/2024
456,Jessica,Grzeszczyk,jgrzeszczykcn@usatoday.com,Afghanistan,526 263 8385,03/03/2023
457,Hilliard,Wellard,hwellardco@ifeng.com,China,415 347 0564,31/05/2025
458,Elissa,Stockley,estockleycp@google.pl,Greece,839 427 7535,11/06/2025
459,Courtenay,Tabord,ctabordcq@cisco.com,Brazil,182 310 7726,09/03/2023
460,Nicoline,Fearfull,nfearfullcr@dot.gov,Philippines,774 452 9725,23/10/2023
461,Nigel,Nesby,nnesbycs@tinyurl.com,Philippines,723 294 6577,20/03/2023
462,Issy,Girardot,igirardotct@rediff.com,Indonesia,241 219 5009,16/04/2023
463,Shem,Delgaty,sdelgatycu@infoseek.co.jp,Indonesia,560 878 7184,14/10/2023
464,Egbert,Tipler,etiplercv@google.fr,Portugal,338 913 5182,22/08/2024
465,Edwina,Moppett,emoppettcw@nydailynews.com,Micronesia,341 371 4109,04/10/2023
466,Roanne,Cusworth,rcusworthcx@purevolume.com,China,968 848 0553,14/02/2025
467,Lucie,Vigietti,lvigietticy@netlog.com,Indonesia,545 707 9672,24/05/2023
468,Temple,Comins,tcominscz@reference.com,Sweden,983 895 5599,25/10/2023
469,Karim,Cowdery,kcowderyd0@marriott.com,Sweden,910 732 7675,28/03/2024
470,Rouvin,Ashdown,rashdownd1@prnewswire.com,Vietnam,281 348 7755,03/01/2023
471,Bronnie,Ebertz,bebertzd2@weather.com,China,141 874 2627,11/09/2024
472,Mollee,Dadge,mdadged3@parallels.com,Philippines,911 803 8102,01/02/2023
473,Ignatius,Ruddock,iruddockd4@yolasite.com,Indonesia,656 922 2181,08/10/2022
474,Florri,Connett,fconnettd5@spotify.com,China,890 273 4093,21/03/2023
475,Charity,Godart,cgodartd6@usgs.gov,Indonesia,140 464 5433,28/07/2022
476,Isabelle,McArte,imcarted7@sakura.ne.jp,Morocco,219 347 6763,27/01/2025
477,Amos,Lauder,alauderd8@discovery.com,Croatia,332 222 5748,02/01/2025
478,Anthea,Hawkett,ahawkettd9@e-recht24.de,Philippines,566 779 6861,30/01/2024
479,Sallyann,Gotling,sgotlingda@spotify.com,China,336 869 8431,25/04/2024
480,Alexandros,Elcock,aelcockdb@netvibes.com,Colombia,563 511 7260,09/11/2024
481,Myrta,Blacksell,mblackselldc@rambler.ru,Iran,543 310 5826,25/11/2022
482,Drucill,MacDearmont,dmacdearmontdd@fda.gov,France,692 192 9821,15/01/2023
483,Linnet,Gumey,lgumeyde@storify.com,China,948 850 0702,17/07/2024
484,Livia,Guille,lguilledf@vistaprint.com,Bahamas,449 651 9734,24/09/2022
485,Karlotta,Kilcoyne,kkilcoynedg@imdb.com,Sweden,949 573 0325,02/03/2024
486,Darya,Angear,dangeardh@google.co.uk,Martinique,125 618 9013,14/12/2022
487,Shana,Ortiger,sortigerdi@posterous.com,China,552 967 5145,09/12/2022
488,Catina,Wellington,cwellingtondj@latimes.com,United States,229 581 7478,10/05/2024
489,Doretta,Rundle,drundledk@nifty.com,Madagascar,498 752 9289,24/03/2025
490,Camile,Gouldbourn,cgouldbourndl@typepad.com,Serbia,498 814 7871,03/10/2024
491,Cindie,Parnham,cparnhamdm@photobucket.com,Canada,124 869 3791,25/07/2023
492,Isabella,Soar,isoardn@dailymotion.com,China,736 442 1385,01/08/2024
493,Beale,Clines,bclinesdo@businesswire.com,China,197 406 1704,03/01/2023
494,Archie,Myring,amyringdp@ustream.tv,Indonesia,351 110 6433,19/10/2022
495,Melva,Bladon,mbladondq@free.fr,France,415 937 6319,29/04/2024
496,Vanya,McAvinchey,vmcavincheydr@devhub.com,China,760 236 7840,18/04/2024
497,Eddie,Nial,enialds@guardian.co.uk,Malaysia,951 388 8181,21/10/2023
498,Shawn,Arnatt,sarnattdt@craigslist.org,Poland,836 420 3378,04/09/2023
499,Aili,Kuhle,akuhledu@webs.com,Indonesia,578 418 0824,18/01/2025
500,Cecilius,Kineton,ckinetondv@amazon.de,Venezuela,343 645 1373,17/07/2022
501,Ardath,Hepher,ahepherdw@cloudflare.com,China,146 531 9410,08/05/2024
502,Benedicto,Coaten,bcoatendx@weibo.com,Canada,127 400 5579,08/07/2025
503,Tabbie,Alders,taldersdy@weibo.com,South Africa,769 581 8632,05/05/2023
504,Elbertina,Cavalier,ecavalierdz@reuters.com,Greece,827 736 1305,08/05/2023
505,Adore,Hamlin,ahamline0@huffingtonpost.com,Portugal,992 772 1507,07/11/2022
506,Bobette,Vergo,bvergoe1@bbc.co.uk,Peru,359 224 0994,12/03/2024
507,Waly,Hackey,whackeye2@dmoz.org,Indonesia,976 347 7010,08/08/2023
508,Jacki,Davydoch,jdavydoche3@mapy.cz,Poland,531 625 1541,23/08/2022
509,Vera,Quiddington,vquiddingtone4@infoseek.co.jp,Honduras,360 736 9574,21/11/2022
510,Annemarie,Carlino,acarlinoe5@examiner.com,Yemen,121 317 3629,29/09/2023
511,Carmen,Gairdner,cgairdnere6@washington.edu,Philippines,776 417 9917,04/03/2024
512,Danielle,Fincke,dfinckee7@oakley.com,Finland,201 932 6155,15/11/2024
513,Kristyn,Wolfendale,kwolfendalee8@hugedomains.com,United States,609 396 9587,02/05/2025
514,Judas,De Roos,jderoose9@oaic.gov.au,Argentina,543 996 9946,04/01/2024
515,Brigham,Livsey,blivseyea@independent.co.uk,Hungary,253 846 1239,26/10/2022
516,Kyle,Legerton,klegertoneb@histats.com,Vietnam,897 754 1498,18/07/2024
517,Marsiella,Donaway,mdonawayec@businessweek.com,Japan,513 823 0412,29/08/2024
518,Sibelle,Derrell,sderrelled@smh.com.au,Kazakhstan,862 878 4581,14/02/2025
519,Shaughn,Ferrarone,sferraroneee@earthlink.net,South Africa,739 444 1919,28/06/2023
520,Gordy,Biggin,gbigginef@github.io,Iran,927 319 5971,20/10/2024
521,Gualterio,Sawkins,gsawkinseg@usnews.com,Bolivia,290 709 0936,02/01/2025
522,Dilan,McGebenay,dmcgebenayeh@blinklist.com,Argentina,990 338 5146,05/07/2024
523,Emilee,McMichan,emcmichanei@zimbio.com,Indonesia,842 860 7302,15/06/2025
524,Antonella,Readshaw,areadshawej@blinklist.com,Brazil,835 760 3829,16/01/2025
525,Cloe,Gerleit,cgerleitek@umn.edu,Indonesia,942 994 2578,26/02/2024
526,Kenyon,Edgler,kedglerel@technorati.com,Iran,917 618 3403,27/02/2023
527,Noell,Lyttle,nlyttleem@naver.com,Ukraine,834 849 4590,25/03/2025
528,Hewie,Cosstick,hcossticken@mapy.cz,Sweden,272 907 3171,19/02/2025
529,Obie,Cheers,ocheerseo@who.int,Sweden,221 330 3415,14/08/2022
530,Leonelle,Clutterbuck,lclutterbuckep@amazon.co.jp,Russia,920 342 7004,08/10/2022
531,Milton,Heinig,mheinigeq@xrea.com,Mauritius,474 500 1319,09/12/2022
532,Cello,Goves,cgoveser@hud.gov,Argentina,107 328 7485,19/02/2024
533,Van,Whittlesey,vwhittleseyes@si.edu,China,925 732 7439,18/10/2022
534,Kristen,Arton,kartonet@nature.com,Indonesia,545 214 5654,12/02/2024
535,Nathalie,Worledge,nworledgeeu@chicagotribune.com,Kazakhstan,235 262 9377,19/10/2022
536,Jemmie,McCloud,jmccloudev@instagram.com,Brazil,242 599 8498,25/06/2023
537,Ettore,Aburrow,eaburrowew@yandex.ru,Brazil,265 609 4153,01/04/2025
538,Durant,Hebdon,dhebdonex@t-online.de,Mongolia,895 697 7023,20/05/2025
539,Hort,Metzel,hmetzeley@liveinternet.ru,Indonesia,536 490 8370,08/01/2023
540,Violante,Minchin,vminchinez@bandcamp.com,Venezuela,814 996 8983,01/05/2023
541,Rooney,Tuffield,rtuffieldf0@rambler.ru,China,712 535 6137,19/08/2022
542,Isobel,Abbitt,iabbittf1@walmart.com,China,185 416 9153,03/04/2024
543,Annaliese,Lintin,alintinf2@google.com.br,Djibouti,151 317 9857,24/01/2024
544,Jermain,Marsland,jmarslandf3@dell.com,Russia,671 343 8530,18/02/2023
545,Skylar,Nijssen,snijssenf4@bbc.co.uk,Brazil,743 321 9706,26/07/2023
546,Yuri,Melbourn,ymelbournf5@com.com,France,942 968 0569,06/10/2022
547,Renato,Ennever,renneverf6@prlog.org,Sweden,582 576 3421,02/09/2023
548,Jacqueline,Zecchini,jzecchinif7@omniture.com,Indonesia,905 323 4844,19/10/2023
549,Elsa,Housecraft,ehousecraftf8@posterous.com,Philippines,292 705 2702,14/10/2022
550,Yoshiko,Camellini,ycamellinif9@ning.com,Portugal,109 718 6737,26/09/2023
551,Juline,Favey,jfaveyfa@europa.eu,China,233 272 9620,05/07/2024
552,Fredia,Haward,fhawardfb@sfgate.com,China,527 505 6116,28/03/2023
553,Marja,Saket,msaketfc@creativecommons.org,China,831 867 4397,28/04/2023
554,Samara,Trewinnard,strewinnardfd@jiathis.com,Indonesia,487 591 7559,25/10/2024
555,Nevil,Philpot,nphilpotfe@meetup.com,Philippines,842 400 0421,14/10/2023
556,Ines,Foster,ifosterff@dagondesign.com,China,746 721 6275,22/02/2025
557,Isaiah,Whiteside,iwhitesidefg@businessweek.com,North Korea,303 109 9091,24/11/2023
558,Gamaliel,Niesegen,gniesegenfh@tamu.edu,Russia,203 928 7187,09/11/2022
559,Egan,Oldcote,eoldcotefi@berkeley.edu,Russia,592 709 8271,14/04/2024
560,Cobby,Durdle,cdurdlefj@sphinn.com,Czech Republic,375 264 6278,08/12/2023
561,Khalil,Gloy,kgloyfk@delicious.com,Thailand,313 375 0234,12/03/2023
562,Jessamyn,Rowntree,jrowntreefl@mapquest.com,China,711 317 0998,29/02/2024
563,Coralie,Wickendon,cwickendonfm@tinyurl.com,Spain,520 875 4230,05/09/2023
564,Caye,Gosford,cgosfordfn@cbc.ca,Russia,473 783 5610,16/10/2023
565,Chantal,Allen,callenfo@netscape.com,Ivory Coast,121 948 2759,10/10/2023
566,Marti,Arnefield,marnefieldfp@omniture.com,Cameroon,387 786 4399,11/01/2024
567,Cassey,Milton-White,cmiltonwhitefq@disqus.com,Belarus,523 687 5707,04/06/2024
568,Ashton,Woodus,awoodusfr@cloudflare.com,China,191 499 8353,14/05/2023
569,Cinda,Boote,cbootefs@jalbum.net,Czech Republic,911 540 8681,11/08/2023
570,Augustus,Bensusan,abensusanft@cdc.gov,United States,336 291 9273,25/05/2025
571,Claudelle,Griffitts,cgriffittsfu@php.net,Ivory Coast,955 441 7073,01/11/2023
572,Rochell,Collingham,rcollinghamfv@java.com,France,729 682 8423,20/04/2024
573,Patrice,Arrighetti,parrighettifw@sciencedirect.com,Russia,481 351 4266,26/11/2022
574,Christabel,Gallaher,cgallaherfx@blogs.com,Peru,595 188 9498,28/12/2024
575,Danella,Cordingley,dcordingleyfy@epa.gov,Indonesia,778 482 6822,19/10/2022
576,Maxim,Speke,mspekefz@godaddy.com,Belarus,722 834 7428,22/03/2025
577,Andee,Runsey,arunseyg0@tmall.com,Indonesia,551 164 0660,14/02/2025
578,Bonnee,Cabena,bcabenag1@deliciousdays.com,France,515 733 3601,28/10/2022
579,Worth,Dulake,wdulakeg2@acquirethisname.com,Ethiopia,344 227 8070,03/01/2023
580,Beck,Darker,bdarkerg3@telegraph.co.uk,Madagascar,162 464 4581,27/10/2022
581,Anet,Stanislaw,astanislawg4@cbc.ca,Ukraine,246 938 0355,17/12/2024
582,Celinda,Shambrooke,cshambrookeg5@epa.gov,Russia,364 893 4384,25/07/2023
583,Herbie,Standish-Brooks,hstandishbrooksg6@opera.com,Philippines,218 911 6053,02/09/2022
584,Gabie,Treeby,gtreebyg7@gov.uk,Indonesia,477 556 3888,22/04/2025
585,Jacobo,Buffey,jbuffeyg8@last.fm,Greece,248 912 5451,02/12/2024
586,Matthias,Archer,marcherg9@oracle.com,Somalia,109 410 6705,11/10/2023
587,Pandora,Endecott,pendecottga@oakley.com,Czech Republic,825 517 7552,30/10/2023
588,Irena,Meijer,imeijergb@homestead.com,Indonesia,911 801 3916,31/01/2025
589,Cirillo,Connelly,cconnellygc@edublogs.org,Philippines,994 330 7940,20/01/2023
590,Roseanne,Baulch,rbaulchgd@cdbaby.com,United States,772 295 9760,18/08/2024
591,Phyllida,Aucock,paucockge@economist.com,China,973 624 1819,14/08/2024
592,Irita,Dalley,idalleygf@hao123.com,Brazil,723 168 3661,13/12/2022
593,Nickola,Dinjes,ndinjesgg@washington.edu,Russia,863 755 5558,30/06/2023
594,Ashleigh,Meineking,ameinekinggh@paypal.com,China,593 586 9709,20/06/2025
595,Derril,Germain,dgermaingi@cbsnews.com,China,419 593 1626,29/01/2024
596,Clifford,Withnall,cwithnallgj@etsy.com,Dominican Republic,890 593 7127,24/12/2022
597,Lura,Klossmann,lklossmanngk@networksolutions.com,China,289 845 2776,23/06/2023
598,Sydney,Latty,slattygl@ameblo.jp,Philippines,667 591 6250,05/07/2023
599,Sheppard,Miche,smichegm@bbc.co.uk,Peru,223 593 9113,11/03/2024
600,Ianthe,Dohr,idohrgn@github.io,Thailand,429 867 6805,25/01/2024
601,Ashly,Waryk,awarykgo@tinyurl.com,China,808 312 5690,29/11/2024
602,Shel,Jinda,sjindagp@discovery.com,Peru,907 241 9366,21/02/2023
603,Blinni,Ivanikov,bivanikovgq@fotki.com,Russia,401 849 7529,08/09/2022
604,Fredric,Putnam,fputnamgr@jimdo.com,Morocco,661 213 7608,21/07/2024
605,Linn,Howels,lhowelsgs@skyrock.com,Malaysia,484 536 2456,24/02/2024
606,Bobinette,Copnar,bcopnargt@marketwatch.com,Isle of Man,895 107 7337,17/04/2023
607,Philippine,Bourrel,pbourrelgu@mayoclinic.com,Philippines,511 353 2445,16/11/2023
608,Peyter,Altree,paltreegv@github.io,Russia,741 981 0929,17/01/2023
609,Liva,Stickles,lsticklesgw@infoseek.co.jp,Philippines,652 700 1487,06/05/2025
610,Trstram,Lewton,tlewtongx@washingtonpost.com,China,165 206 1475,11/08/2023
611,Cahra,Goodship,cgoodshipgy@fda.gov,Estonia,261 252 6602,17/06/2025
612,Maurice,Maciejak,mmaciejakgz@senate.gov,Chile,596 728 1327,14/03/2025
613,Katharyn,Steljes,ksteljesh0@nature.com,Philippines,219 925 5177,01/09/2024
614,Izzy,Cisar,icisarh1@paypal.com,China,166 927 4872,06/10/2023
615,Dreddy,Alfuso,dalfusoh2@webnode.com,China,933 955 4489,22/08/2024
616,Mignon,O'Curran,mocurranh3@google.com.hk,China,244 830 9690,01/06/2024
617,Jard,Gallant,jgallanth4@ustream.tv,Czech Republic,708 718 7961,05/03/2024
618,Milzie,Dowall,mdowallh5@e-recht24.de,Panama,646 602 0493,26/04/2025
619,Harcourt,Ailmer,hailmerh6@netvibes.com,China,696 404 6701,05/10/2022
620,Tymothy,Caress,tcaressh7@discovery.com,Democratic Republic of the Congo,216 940 6808,30/06/2024
621,Alberta,Borges,aborgesh8@state.tx.us,Nicaragua,900 688 4737,13/01/2024
622,Cecilius,Cordingly,ccordinglyh9@dot.gov,Russia,773 855 7616,24/10/2024
623,Una,Robet,urobetha@kickstarter.com,Uganda,242 597 9220,03/09/2022
624,Lenna,Alvarez,lalvarezhb@behance.net,China,121 515 6920,18/12/2023
625,Allyce,Elster,aelsterhc@timesonline.co.uk,Norway,870 651 4297,07/06/2025
626,Nigel,Djorvic,ndjorvichd@cdbaby.com,Indonesia,112 766 0972,30/03/2023
627,Dominik,Sherington,dsheringtonhe@narod.ru,Russia,334 523 5826,26/09/2023
628,Scarface,Nolder,snolderhf@spiegel.de,Indonesia,657 728 7155,23/07/2024
629,Franky,Gilleon,fgilleonhg@naver.com,Philippines,417 124 2578,07/03/2023
630,Lyndsie,MacCracken,lmaccrackenhh@furl.net,Czech Republic,665 485 9643,25/06/2025
631,Valentina,Shead,vsheadhi@networkadvertising.org,China,133 719 4280,23/12/2023
632,Milzie,Dabnor,mdabnorhj@opensource.org,United States,432 112 6128,02/04/2024
633,Katleen,Ridgley,kridgleyhk@fema.gov,Latvia,124 132 9904,07/03/2025
634,Teddie,Swendell,tswendellhl@ovh.net,China,877 627 6158,25/09/2022
635,Yardley,Bexley,ybexleyhm@biglobe.ne.jp,Indonesia,738 775 1809,26/10/2024
636,Essie,Thirlaway,ethirlawayhn@gnu.org,Morocco,173 147 6133,11/11/2022
637,Chaddie,Patriskson,cpatrisksonho@godaddy.com,Honduras,198 958 3698,26/06/2024
638,Arlee,Devanny,adevannyhp@seesaa.net,China,932 138 8908,18/01/2024
639,Jerrilee,Ferenc,jferenchq@un.org,United States,401 147 8473,03/03/2025
640,Olly,Whyley,owhyleyhr@sohu.com,China,722 639 5821,26/02/2023
641,Demetris,Pettko,dpettkohs@barnesandnoble.com,Indonesia,398 286 0297,03/10/2022
642,Tobye,Treven,ttrevenht@theatlantic.com,Morocco,743 963 6947,22/02/2023
643,Alysia,Guest,aguesthu@xing.com,Indonesia,561 204 8353,09/01/2024
644,Nickie,Filippo,nfilippohv@soup.io,Indonesia,500 977 5911,26/02/2024
645,Astrid,Willmore,awillmorehw@microsoft.com,Curacao,925 646 8372,29/07/2022
646,Thalia,Cohani,tcohanihx@yellowpages.com,China,856 202 9670,17/12/2023
647,Ilsa,Bucknell,ibucknellhy@ca.gov,Russia,881 980 6166,10/09/2024
648,Lawrence,Goodsall,lgoodsallhz@google.it,Tajikistan,368 753 3227,18/12/2023
649,Larina,Whittle,lwhittlei0@yahoo.com,China,331 915 3717,06/11/2023
650,Davide,Cecchetelli,dcecchetellii1@hud.gov,Vietnam,412 915 9507,13/04/2024
651,Sauncho,Robinette,srobinettei2@woothemes.com,El Salvador,385 318 3550,01/05/2023
652,Mignon,Pennetti,mpennettii3@mac.com,Indonesia,883 719 9210,25/04/2025
653,Damaris,Livick,dlivicki4@merriam-webster.com,Mongolia,315 519 5971,29/01/2025
654,Flory,Cunnington,fcunningtoni5@themeforest.net,Indonesia,360 281 3962,16/05/2023
655,Nissa,Easen,neaseni6@wordpress.com,China,268 140 1619,04/02/2025
656,Hobart,Kinny,hkinnyi7@netvibes.com,China,774 364 8768,16/04/2025
657,Waiter,Gerwood,wgerwoodi8@nps.gov,China,612 187 1929,29/07/2023
658,Rudyard,Bome,rbomei9@buzzfeed.com,Russia,929 424 5902,11/10/2024
659,Barry,Seston,bsestonia@diigo.com,Indonesia,628 192 0631,24/07/2022
660,Maureen,Andrasch,mandraschib@vkontakte.ru,China,164 371 3587,24/06/2025
661,Godwin,Chessun,gchessunic@wordpress.com,Portugal,292 891 5260,09/04/2025
662,Karlens,Gooding,kgoodingid@discovery.com,Central African Republic,935 804 2908,07/07/2023
663,Druci,Gauvain,dgauvainie@epa.gov,Moldova,110 848 4639,17/01/2024
664,Jennie,Brind,jbrindif@opera.com,China,160 721 0980,28/05/2024
665,Benedick,Spurden,bspurdenig@theguardian.com,China,445 993 5149,04/11/2022
666,Anselm,Denyer,adenyerih@livejournal.com,Albania,134 145 7341,02/03/2025
667,Donall,Lere,dlereii@craigslist.org,Brazil,922 748 6899,16/12/2023
668,Tedd,Spurdon,tspurdonij@buzzfeed.com,Comoros,690 769 4439,23/09/2023
669,Jolynn,Henriques,jhenriquesik@theatlantic.com,Philippines,435 173 9694,29/07/2024
670,Evy,Pattle,epattleil@webs.com,Serbia,570 939 6997,07/03/2023
671,Bronny,Gregori,bgregoriim@plala.or.jp,China,739 297 7910,14/05/2025
672,Timmy,Millar,tmillarin@icio.us,South Africa,424 454 5240,30/08/2023
673,Jesse,Battrick,jbattrickio@dailymail.co.uk,China,174 937 7877,10/03/2025
674,Jay,Petegre,jpetegreip@bigcartel.com,Mauritius,287 916 0557,09/05/2024
675,Margareta,Juan,mjuaniq@artisteer.com,Portugal,577 731 7233,01/07/2023
676,Lizabeth,Skase,lskaseir@privacy.gov.au,Belarus,533 164 2173,26/07/2023
677,Timmi,Canadas,tcanadasis@admin.ch,Russia,825 928 6574,12/11/2022
678,Joletta,Raggatt,jraggattit@google.pl,Spain,119 568 0142,15/09/2024
679,Vinnie,Ecob,vecobiu@economist.com,China,677 646 6553,25/10/2022
680,Ethelyn,Collerd,ecollerdiv@princeton.edu,China,658 847 7685,19/07/2024
681,Rozalin,Floris,rflorisiw@mail.ru,China,782 768 0738,20/02/2023
682,Tabbatha,Ferreo,tferreoix@quantcast.com,China,618 469 8417,17/05/2024
683,Van,Phalip,vphalipiy@constantcontact.com,United States,626 961 0559,27/12/2024
684,Peyton,Tersay,ptersayiz@livejournal.com,Russia,603 777 8410,10/07/2023
685,Ulrich,Hardbattle,uhardbattlej0@google.com,France,494 258 1347,29/08/2022
686,Dennie,Cunniam,dcunniamj1@artisteer.com,China,465 980 6591,11/08/2022
687,Maynard,Sapshed,msapshedj2@pbs.org,United States,828 888 5472,08/08/2024
688,Cymbre,Keming,ckemingj3@hubpages.com,Portugal,858 859 6986,19/08/2023
689,Nicolas,Farlham,nfarlhamj4@baidu.com,South Africa,679 737 9351,16/09/2022
690,Odo,Lemmanbie,olemmanbiej5@amazon.co.jp,China,686 972 4047,11/06/2025
691,Molly,Leasor,mleasorj6@angelfire.com,Indonesia,884 215 0246,25/06/2024
692,Keri,Raraty,kraratyj7@fema.gov,Libya,731 640 4233,29/07/2024
693,Jaquelin,Kleyn,jkleynj8@sfgate.com,Yemen,680 970 0383,13/08/2023
694,Lilias,Erie,leriej9@businessweek.com,Portugal,706 713 7120,31/08/2023
695,Reggi,Gudde,rguddeja@addtoany.com,Thailand,189 181 4778,21/03/2023
696,Addie,Pedrielli,apedriellijb@qq.com,Russia,867 500 8290,28/08/2024
697,Keven,Wyldbore,kwyldborejc@typepad.com,Indonesia,322 207 7679,21/08/2022
698,Fleurette,Van Arsdall,fvanarsdalljd@plala.or.jp,Democratic Republic of the Congo,943 253 6912,09/02/2024
699,Gunilla,Harrow,gharrowje@bandcamp.com,Philippines,127 782 4307,12/05/2025
700,Curran,Pidgin,cpidginjf@zdnet.com,United States,210 105 6562,20/01/2025
701,Tori,Styant,tstyantjg@scientificamerican.com,Colombia,339 899 8162,18/08/2022
702,Maxine,Earp,mearpjh@howstuffworks.com,China,256 866 0704,29/01/2023
703,Ashley,Kearney,akearneyji@bandcamp.com,Greece,184 732 1789,28/05/2025
704,Gayle,Burkhill,gburkhilljj@over-blog.com,United States,502 417 1152,25/02/2024
705,Juliet,Oades,joadesjk@tumblr.com,China,773 766 9173,02/02/2025
706,Ethelda,Owtram,eowtramjl@senate.gov,Japan,232 765 6053,13/11/2024
707,Raoul,Bogaert,rbogaertjm@mapquest.com,Brazil,494 262 9834,05/10/2022
708,Pate,Havelin,phavelinjn@nymag.com,Ukraine,779 896 2522,07/04/2023
709,Tallulah,Gerrill,tgerrilljo@usgs.gov,Philippines,700 630 4544,27/12/2023
710,Karena,Eake,keakejp@ca.gov,Mauritius,273 135 4930,03/04/2024
711,Arlinda,Phillott,aphillottjq@seesaa.net,Syria,152 428 6965,24/11/2024
712,Patti,Cardenosa,pcardenosajr@msu.edu,Brazil,124 297 0038,15/09/2022
713,Dee dee,Quidenham,dquidenhamjs@webmd.com,Russia,790 331 9242,17/10/2022
714,Dinah,Simounet,dsimounetjt@gnu.org,Brazil,218 852 6792,22/08/2023
715,Guinevere,Laise,glaiseju@bizjournals.com,Panama,933 681 3149,24/03/2023
716,Hana,Rosellini,hrosellinijv@google.nl,Argentina,171 404 5362,03/10/2022
717,Vince,Healy,vhealyjw@hao123.com,Benin,391 822 6338,29/09/2024
718,Nataline,Gibke,ngibkejx@howstuffworks.com,Indonesia,778 422 3797,15/05/2025
719,Marietta,Lalor,mlalorjy@myspace.com,Venezuela,186 849 3377,13/03/2025
720,Ab,Hullot,ahullotjz@netlog.com,Philippines,976 311 1649,08/06/2024
721,Fawnia,Kinnock,fkinnockk0@ask.com,Israel,174 471 4129,17/07/2023
722,Consuela,Cannop,ccannopk1@elegantthemes.com,Ukraine,181 635 8252,09/07/2025
723,Gabbie,Eastgate,geastgatek2@blog.com,Pakistan,503 688 4363,26/06/2024
724,Haydon,McOmish,hmcomishk3@va.gov,Dominican Republic,545 580 9589,16/03/2024
725,Lisette,Ridel,lridelk4@techcrunch.com,China,433 816 9275,22/08/2022
726,Hilary,Bligh,hblighk5@illinois.edu,China,304 273 5499,05/08/2023
727,Dar,Tilt,dtiltk6@youku.com,Indonesia,301 915 0168,21/07/2022
728,Cordi,Winters,cwintersk7@wufoo.com,Malaysia,485 226 2103,01/11/2024
729,Elianore,Trinkwon,etrinkwonk8@shutterfly.com,Bulgaria,923 508 0391,26/05/2025
730,Danica,Dufton,dduftonk9@cargocollective.com,Colombia,446 267 6571,16/03/2024
731,Nefen,Pochet,npochetka@independent.co.uk,Colombia,206 446 1872,08/05/2025
732,Teirtza,Wagnerin,twagnerinkb@opensource.org,Indonesia,603 130 0188,05/11/2022
733,Alicea,Gill,agillkc@hhs.gov,Canada,617 665 6647,15/08/2022
734,Kordula,Mullett,kmullettkd@unesco.org,China,276 410 3469,25/06/2023
735,Cristen,Sidwick,csidwickke@unc.edu,Uganda,353 197 6035,15/05/2025
736,Payton,Pannaman,ppannamankf@stanford.edu,China,209 879 2845,17/10/2022
737,Kirstin,Suffe,ksuffekg@bandcamp.com,Philippines,892 175 4371,16/07/2022
738,Maggie,Whibley,mwhibleykh@forbes.com,China,218 332 3015,18/09/2022
739,Aleen,Josse,ajosseki@surveymonkey.com,Indonesia,612 896 7281,25/05/2025
740,Saloma,Sloey,ssloeykj@123-reg.co.uk,Russia,713 177 7275,26/02/2024
741,Bartolomeo,Cestard,bcestardkk@xrea.com,Peru,142 992 2285,14/07/2023
742,Doralynne,Mountfort,dmountfortkl@uiuc.edu,Russia,503 717 9118,02/09/2024
743,Tobye,Greenrodd,tgreenroddkm@constantcontact.com,China,248 126 0241,26/04/2023
744,Ingar,Chatto,ichattokn@people.com.cn,South Korea,218 260 2568,18/06/2024
745,Nigel,MattiCCI,nmatticciko@guardian.co.uk,Russia,738 583 2783,11/02/2023
746,Cynde,Dalgetty,cdalgettykp@seesaa.net,Portugal,726 872 7015,27/04/2024
747,Mallory,Vasiltsov,mvasiltsovkq@ocn.ne.jp,Luxembourg,926 595 8567,11/06/2025
748,Nanete,Hedditeh,nhedditehkr@huffingtonpost.com,Canada,327 743 0542,11/03/2025
749,Kaspar,Masedon,kmasedonks@mozilla.org,Nigeria,456 604 2477,19/10/2023
750,Barnaby,Selland,bsellandkt@cocolog-nifty.com,Indonesia,881 122 7438,13/01/2023
751,Remus,Wrintmore,rwrintmoreku@apple.com,Kosovo,431 317 6377,17/08/2024
752,Crissy,Bulger,cbulgerkv@elpais.com,Brazil,466 735 4353,10/06/2023
753,Arlene,Ivankov,aivankovkw@cnn.com,China,861 988 6328,01/01/2023
754,Gregoor,Veelers,gveelerskx@mediafire.com,Portugal,961 771 1614,12/06/2024
755,Michele,Gypps,mgyppsky@nbcnews.com,Colombia,203 994 2103,13/02/2025
756,Jenica,Messier,jmessierkz@ed.gov,Brazil,195 931 3420,30/12/2024
757,Byrann,Matelaitis,bmatelaitisl0@goo.ne.jp,Indonesia,416 633 4143,24/10/2022
758,Beitris,Myott,bmyottl1@jiathis.com,France,554 502 9815,21/12/2022
759,Dacy,Orred,dorredl2@jimdo.com,Norway,532 216 5580,04/04/2024
760,Jennilee,Armitage,jarmitagel3@mozilla.org,China,526 747 6737,20/04/2023
761,Edi,Ranfield,eranfieldl4@cyberchimps.com,Greece,892 425 3560,18/03/2024
762,Ruby,Sanderson,rsandersonl5@vinaora.com,China,510 779 0997,06/07/2025
763,Emalia,Gercken,egerckenl6@aol.com,China,846 396 7247,27/07/2023
764,Bob,Coultish,bcoultishl7@alexa.com,Peru,291 746 9253,03/02/2023
765,Wallie,Simms,wsimmsl8@disqus.com,China,580 781 1981,12/03/2023
766,Melvin,Timberlake,mtimberlakel9@cnet.com,France,874 154 4017,21/04/2025
767,Leone,Dionisii,ldionisiila@exblog.jp,Afghanistan,490 951 6805,11/10/2023
768,Charley,Lawie,clawielb@gmpg.org,China,416 752 9209,15/12/2022
769,Kathi,Mangam,kmangamlc@house.gov,China,623 393 5290,06/02/2023
770,Melesa,Ashleigh,mashleighld@nbcnews.com,Tunisia,143 828 9674,16/07/2022
771,Tore,Caulder,tcaulderle@wunderground.com,Japan,660 394 1649,03/03/2023
772,Sioux,Borrill,sborrilllf@imgur.com,Indonesia,927 656 5980,17/03/2025
773,Alison,McKevitt,amckevittlg@simplemachines.org,Palestinian Territory,738 807 9937,29/08/2022
774,Hodge,Espinoy,hespinoylh@parallels.com,Philippines,270 957 9204,11/07/2023
775,Alessandro,Boud,aboudli@phpbb.com,China,588 994 5780,12/01/2025
776,Leela,Rivitt,lrivittlj@pagesperso-orange.fr,United States,502 364 2118,12/09/2023
777,Oswald,Jorin,ojorinlk@technorati.com,Philippines,183 327 2067,10/12/2024
778,Tressa,Genese,tgenesell@icq.com,China,145 706 4623,23/02/2024
779,Ashlin,Speere,aspeerelm@imgur.com,Indonesia,993 533 8774,27/12/2024
780,Karyl,Engelmann,kengelmannln@nih.gov,Bulgaria,192 647 8181,21/04/2023
781,Gena,Folkes,gfolkeslo@youtube.com,China,514 425 0647,27/03/2023
782,Anderea,Hatliff,ahatlifflp@deviantart.com,China,277 982 2900,17/10/2024
783,Finlay,Peddar,fpeddarlq@businessinsider.com,Portugal,928 608 9307,03/03/2023
784,Devonne,Rive,drivelr@canalblog.com,United States,214 169 8945,13/01/2023
785,Dulcie,Venners,dvennersls@networksolutions.com,Canada,742 534 8242,27/12/2023
786,Lanita,Lidgely,llidgelylt@mediafire.com,Sweden,998 311 5896,01/01/2025
787,Cheryl,Hellard,chellardlu@dion.ne.jp,Poland,891 348 6176,02/11/2024
788,Hildy,Bazire,hbazirelv@imdb.com,United States,832 726 4302,25/04/2025
789,Matt,Deery,mdeerylw@live.com,Tunisia,211 690 4829,28/06/2025
790,Cristie,Stebbing,cstebbinglx@sciencedaily.com,China,242 337 0921,10/12/2022
791,Malissia,Atcheson,matchesonly@gmpg.org,Colombia,120 294 5258,21/10/2023
792,Dale,Corteis,dcorteislz@youtube.com,United States,516 307 5557,22/12/2023
793,Abbe,Donan,adonanm0@apache.org,China,399 628 6845,19/02/2025
794,Harman,Banker,hbankerm1@symantec.com,Honduras,895 415 4539,05/02/2025
795,Belia,Concannon,bconcannonm2@reuters.com,Brazil,948 715 7237,28/09/2023
796,Alanna,Summerbell,asummerbellm3@wikipedia.org,Philippines,604 187 3537,08/01/2024
797,Verena,Oty,votym4@discovery.com,Brazil,529 711 2116,28/01/2024
798,Otho,Hickford,ohickfordm5@huffingtonpost.com,China,798 969 7243,11/10/2023
799,Crysta,Rofe,crofem6@moonfruit.com,Serbia,164 736 3499,21/02/2023
800,Aurel,Webermann,awebermannm7@java.com,Egypt,393 449 4261,19/10/2023
801,Garek,Gronaver,ggronaverm8@dion.ne.jp,Czech Republic,749 953 2399,17/11/2022
802,Ursuline,Stolz,ustolzm9@phoca.cz,Spain,319 214 3215,29/11/2022
803,Anthony,Del Dello,adeldelloma@storify.com,China,417 917 1415,22/03/2025
804,Kellen,Stobbart,kstobbartmb@bizjournals.com,China,677 363 5673,10/03/2025
805,Andrus,Stronack,astronackmc@phoca.cz,Russia,999 848 2751,11/09/2023
806,Kennie,Swinerd,kswinerdmd@vinaora.com,China,438 679 0896,03/06/2023
807,Elora,Timothy,etimothyme@nyu.edu,Argentina,609 506 8814,20/12/2024
808,Matteo,Cambell,mcambellmf@nymag.com,Samoa,354 721 1143,28/08/2023
809,Randi,Shoobridge,rshoobridgemg@livejournal.com,Indonesia,977 360 5000,04/12/2024
810,Cori,Seyers,cseyersmh@jimdo.com,China,400 905 1343,21/07/2022
811,Harrison,Schaffler,hschafflermi@github.io,Poland,645 651 7415,08/05/2024
812,Del,Charrette,dcharrettemj@sakura.ne.jp,Poland,362 685 8992,20/10/2023
813,Jerrine,McMillian,jmcmillianmk@barnesandnoble.com,China,609 813 3087,02/09/2024
814,Jarvis,Kellegher,jkellegherml@ovh.net,Egypt,157 693 3024,02/02/2025
815,Emilia,Dreng,edrengmm@cnet.com,Brazil,704 425 2510,23/12/2023
816,Coretta,Leroux,clerouxmn@dailymotion.com,Russia,255 952 2442,18/04/2024
817,Sallyann,Havers,shaversmo@google.co.uk,China,188 637 2494,14/04/2025
818,Rafaelita,McNellis,rmcnellismp@themeforest.net,Indonesia,588 231 4870,30/01/2023
819,Mozes,Rannald,mrannaldmq@vimeo.com,Thailand,400 200 2511,06/11/2024
820,Yale,Cunney,ycunneymr@mediafire.com,Philippines,150 648 1451,19/04/2024
821,Joyce,Falconer-Taylor,jfalconertaylorms@unc.edu,Venezuela,867 639 6852,07/02/2025
822,Sherlock,Selley,sselleymt@hatena.ne.jp,Poland,489 413 3177,26/02/2024
823,Golda,Sissens,gsissensmu@utexas.edu,United States,206 380 8678,16/06/2023
824,Darell,Furmagier,dfurmagiermv@hatena.ne.jp,United States,202 837 3508,04/09/2024
825,Aldous,Zellick,azellickmw@tripadvisor.com,Czech Republic,902 284 6727,21/10/2024
826,Sheryl,Gaitung,sgaitungmx@opensource.org,Ukraine,676 601 8134,03/11/2024
827,Sargent,Cowthard,scowthardmy@desdev.cn,Canada,747 902 5936,09/05/2025
828,Gordie,Piele,gpielemz@cdc.gov,China,847 664 1511,27/12/2022
829,Delly,Nissle,dnisslen0@disqus.com,China,983 763 4889,25/05/2024
830,Mathias,Wiggam,mwiggamn1@sciencedaily.com,China,850 496 1901,15/05/2025
831,Sergio,McArthur,smcarthurn2@dagondesign.com,Philippines,403 767 9580,27/10/2024
832,Verile,Ganford,vganfordn3@networksolutions.com,Oman,161 614 2981,26/09/2023
833,Hieronymus,Smallpeice,hsmallpeicen4@samsung.com,Armenia,988 811 6034,15/08/2024
834,Dolly,Cuddehay,dcuddehayn5@timesonline.co.uk,Serbia,721 511 7480,04/12/2023
835,Janot,Bleby,jblebyn6@princeton.edu,Jamaica,722 921 6143,07/06/2023
836,Carlyn,Mayger,cmaygern7@example.com,Philippines,873 976 8101,03/07/2025
837,Karola,Gilhoolie,kgilhoolien8@webeden.co.uk,Kazakhstan,190 252 5319,06/03/2024
838,Leo,Josovich,ljosovichn9@tamu.edu,Senegal,798 194 9936,04/02/2023
839,Flemming,McBeath,fmcbeathna@fda.gov,Ghana,875 250 2356,28/06/2025
840,Lorette,Whitefoot,lwhitefootnb@timesonline.co.uk,Croatia,308 213 8467,18/02/2024
841,Chick,Runham,crunhamnc@paypal.com,Russia,248 933 1196,14/02/2023
842,Joellyn,Geany,jgeanynd@163.com,China,796 923 0187,20/01/2023
843,Annice,Fleeming,afleemingne@disqus.com,Croatia,279 229 5944,11/09/2023
844,Leon,Sterndale,lsterndalenf@google.com.au,Japan,325 310 1984,08/12/2024
845,Harp,Baigrie,hbaigrieng@mac.com,Australia,782 406 0322,21/06/2023
846,Rasla,Moles,rmolesnh@techcrunch.com,Canada,380 833 9645,30/06/2023
847,Grady,Brick,gbrickni@netlog.com,Philippines,290 446 3067,21/11/2024
848,Gilbertine,Hagland,ghaglandnj@jimdo.com,Germany,792 506 1130,17/07/2023
849,Alex,Lovering,aloveringnk@cmu.edu,Portugal,792 977 4190,25/05/2023
850,Carlene,Wringe,cwringenl@istockphoto.com,Cuba,620 985 8266,03/05/2025
851,Isidor,Attwool,iattwoolnm@4shared.com,Indonesia,671 333 9553,19/05/2023
852,Garvy,Worsley,gworsleynn@ox.ac.uk,Costa Rica,173 459 8372,23/02/2023
853,Jakie,Judkins,jjudkinsno@phoca.cz,Russia,584 740 2266,27/10/2024
854,Krystalle,Callum,kcallumnp@rakuten.co.jp,Portugal,844 224 5590,20/08/2023
855,Lanie,Bewick,lbewicknq@xrea.com,Philippines,922 918 7358,14/05/2024
856,Noni,Piotrowski,npiotrowskinr@blogger.com,China,904 215 4890,29/12/2022
857,Camila,Lune,clunens@wired.com,Philippines,513 766 6127,16/10/2024
858,Debera,Ralestone,dralestonent@storify.com,Peru,387 164 8699,04/08/2022
859,Janet,Peinke,jpeinkenu@hatena.ne.jp,Indonesia,781 661 0646,04/08/2022
860,Avivah,Wreight,awreightnv@themeforest.net,China,528 220 5742,06/05/2023
861,Ingmar,Fulleylove,ifulleylovenw@woothemes.com,Portugal,170 987 6980,27/06/2023
862,Aridatha,Rosin,arosinnx@nps.gov,Seychelles,486 918 1195,17/10/2023
863,Vittoria,Dimblebee,vdimblebeeny@cocolog-nifty.com,Indonesia,292 603 8678,17/05/2025
864,Richart,Ive,rivenz@marketwatch.com,Afghanistan,138 916 2240,07/04/2023
865,Mariejeanne,Cumbridge,mcumbridgeo0@ca.gov,Cambodia,251 771 5524,22/03/2023
866,Sharon,Innett,sinnetto1@chronoengine.com,Indonesia,373 448 4167,12/12/2022
867,Yvonne,Paule,ypauleo2@berkeley.edu,Portugal,239 961 4192,22/11/2024
868,Adelaide,Petters,apetterso3@sourceforge.net,Sweden,791 332 1138,16/09/2023
869,Otha,Somerled,osomerledo4@pcworld.com,Bosnia and Herzegovina,370 909 2070,29/06/2023
870,Hadlee,Sawers,hsawerso5@skyrock.com,United States,210 519 0434,21/10/2024
871,Eugenius,Rait,eraito6@hubpages.com,China,736 802 7377,20/06/2025
872,Lorne,Jelly,ljellyo7@mozilla.org,Indonesia,444 813 8943,12/05/2023
873,Roxanna,Papis,rpapiso8@discuz.net,Sweden,564 123 7563,20/02/2024
874,Obie,Fiddymont,ofiddymonto9@tripadvisor.com,Czech Republic,768 590 7995,02/12/2022
875,Dalila,Hallatt,dhallattoa@tmall.com,Brazil,302 407 2872,01/05/2025
876,Everard,Budik,ebudikob@intel.com,Japan,997 603 4673,17/12/2022
877,Cleo,Rubartelli,crubartellioc@multiply.com,Philippines,729 579 8777,13/10/2022
878,Brandtr,Muzzini,bmuzziniod@posterous.com,Democratic Republic of the Congo,230 900 0529,29/09/2023
879,Marcellina,Luckett,mluckettoe@tinyurl.com,Belarus,986 616 9136,07/08/2023
880,Enriqueta,Tethcote,etethcoteof@wordpress.com,Peru,701 449 5042,13/02/2024
881,Khalil,Baxandall,kbaxandallog@ning.com,Venezuela,334 747 9734,29/11/2022
882,Jamey,Mebs,jmebsoh@woothemes.com,Pakistan,726 378 5085,17/07/2023
883,Englebert,Crisp,ecrispoi@mail.ru,China,821 689 6144,23/05/2024
884,Pammy,Denacamp,pdenacampoj@oaic.gov.au,Sweden,484 477 5227,13/06/2025
885,Ema,McCreath,emccreathok@desdev.cn,Indonesia,884 703 7333,18/11/2024
886,Court,Dobel,cdobelol@vimeo.com,Nigeria,313 534 1840,14/01/2025
887,Reagen,Panketh,rpankethom@furl.net,Sweden,939 771 3528,26/12/2023
888,Bancroft,Pavitt,bpavitton@mysql.com,France,175 457 7899,25/03/2024
889,Sloan,Kempster,skempsteroo@businessweek.com,Sweden,479 492 1841,07/06/2023
890,Bernadene,Usmar,busmarop@dailymail.co.uk,China,472 269 8676,18/04/2025
891,Olympie,Imlacke,oimlackeoq@arizona.edu,Estonia,780 464 3189,17/04/2024
892,Masha,McBayne,mmcbayneor@ifeng.com,China,910 735 3542,12/09/2024
893,Noelyn,Raddenbury,nraddenburyos@csmonitor.com,Serbia,152 433 0731,01/12/2024
894,Melvyn,Luscombe,mluscombeot@infoseek.co.jp,China,658 408 6050,16/11/2023
895,Germayne,Bettles,gbettlesou@washington.edu,Brazil,724 733 3090,19/10/2024
896,Nicky,Neesam,nneesamov@skype.com,Thailand,551 956 1383,04/01/2025
897,Cookie,McCorkell,cmccorkellow@mtv.com,Portugal,418 639 6537,26/11/2022
898,Lesley,Longhirst,llonghirstox@hatena.ne.jp,Indonesia,600 795 6959,09/02/2024
899,Obidiah,Marrow,omarrowoy@dot.gov,Israel,885 177 3944,12/11/2023
900,Sinclare,Windridge,swindridgeoz@github.com,Peru,735 526 5474,14/07/2022
901,Paulette,Quinton,pquintonp0@stanford.edu,Russia,781 251 4703,27/01/2023
902,Buck,Jenne,bjennep1@hugedomains.com,Philippines,422 325 5092,04/03/2023
903,Pavla,Matfin,pmatfinp2@illinois.edu,Indonesia,885 307 1690,20/11/2023
904,Price,Cleyne,pcleynep3@canalblog.com,Czech Republic,200 907 7929,23/12/2023
905,Walt,Knight,wknightp4@fc2.com,China,936 114 9055,28/06/2025
906,Janie,Budgeon,jbudgeonp5@uol.com.br,Dominican Republic,456 245 3748,12/01/2024
907,Ondrea,Murty,omurtyp6@tripadvisor.com,Poland,344 109 1515,07/11/2023
908,Aileen,Verty,avertyp7@apache.org,Portugal,324 583 6721,06/04/2025
909,Chevy,Brea,cbreap8@dion.ne.jp,Russia,190 806 9251,15/07/2023
910,Vinni,Fydo,vfydop9@geocities.jp,Pakistan,968 915 9574,06/10/2024
911,Kean,Panner,kpannerpa@cyberchimps.com,South Africa,823 102 2603,07/11/2023
912,Bella,Messent,bmessentpb@vkontakte.ru,Russia,804 567 8848,27/01/2024
913,Ronnica,Batchelder,rbatchelderpc@toplist.cz,Brazil,914 244 7731,24/03/2024
914,Alleyn,Childerhouse,achilderhousepd@hibu.com,Japan,284 983 5009,11/08/2023
915,Prisca,Jeaves,pjeavespe@forbes.com,Slovenia,633 821 7318,26/01/2023
916,Willdon,Grestie,wgrestiepf@yolasite.com,Slovenia,954 981 4437,02/01/2025
917,Aurea,Strephan,astrephanpg@hhs.gov,China,238 764 9192,07/04/2025
918,Mindy,Lumm,mlummph@delicious.com,Burkina Faso,203 818 7058,03/07/2023
919,Shelley,Mozzi,smozzipi@mapquest.com,Greece,734 773 3424,29/09/2022
920,Brina,Vasyaev,bvasyaevpj@dmoz.org,Norway,324 917 6903,02/04/2025
921,Raine,Souch,rsouchpk@naver.com,Czech Republic,283 190 4438,12/04/2023
922,Paige,Ziemen,pziemenpl@creativecommons.org,Marshall Islands,349 168 2369,10/12/2023
923,Netta,Vedenyakin,nvedenyakinpm@so-net.ne.jp,Russia,953 869 2331,22/04/2025
924,Levi,Palser,lpalserpn@is.gd,China,824 942 2535,02/02/2023
925,Davina,Luppitt,dluppittpo@live.com,China,717 945 5917,05/03/2025
926,Sigismond,Wallach,swallachpp@yellowbook.com,Philippines,708 148 7181,18/03/2025
927,Jeramie,Titcom,jtitcompq@noaa.gov,China,819 912 6612,02/09/2023
928,Marybeth,Tadman,mtadmanpr@studiopress.com,Indonesia,458 767 2335,13/01/2025
929,Karlens,Tremellan,ktremellanps@howstuffworks.com,Ukraine,839 226 4040,12/06/2025
930,Matilda,Spore,msporept@edublogs.org,China,185 927 7071,11/10/2023
931,Rosalind,Whiley,rwhileypu@nasa.gov,Syria,764 450 0829,19/07/2022
932,Neysa,Potbury,npotburypv@ibm.com,China,763 247 1069,29/12/2022
933,Tricia,Hackney,thackneypw@businessweek.com,China,730 751 9381,08/05/2024
934,Sela,Galey,sgaleypx@cnbc.com,Philippines,955 426 0877,16/11/2022
935,Elly,Birkin,ebirkinpy@npr.org,Peru,691 882 8702,30/05/2025
936,Layton,Searchfield,lsearchfieldpz@independent.co.uk,Indonesia,730 958 0248,30/07/2023
937,Heywood,Goutcher,hgoutcherq0@shinystat.com,China,522 485 3451,25/02/2023
938,Daffi,Bausmann,dbausmannq1@free.fr,Palestinian Territory,610 770 9249,04/02/2024
939,Homerus,Mayhow,hmayhowq2@irs.gov,Indonesia,197 717 6155,11/11/2022
940,Kerri,Blenkin,kblenkinq3@google.pl,Germany,521 871 3034,17/10/2024
941,Marlow,Stockin,mstockinq4@imdb.com,Mongolia,308 332 0363,29/11/2022
942,Verla,Shapcote,vshapcoteq5@samsung.com,Cameroon,869 502 0848,05/07/2025
943,Korney,Dorro,kdorroq6@unicef.org,Thailand,847 648 2821,04/01/2025
944,Giselbert,Urch,gurchq7@ezinearticles.com,China,689 879 2169,30/09/2024
945,Lorianne,Wennington,lwenningtonq8@studiopress.com,Indonesia,980 131 4579,08/05/2025
946,Agneta,Gohier,agohierq9@jigsy.com,Brazil,232 786 1269,18/07/2024
947,Moshe,Ortner,mortnerqa@sourceforge.net,Vietnam,468 166 5444,17/06/2024
948,Missie,Letchmore,mletchmoreqb@livejournal.com,Indonesia,540 629 8286,15/03/2025
949,Oneida,Dilks,odilksqc@marketwatch.com,China,688 149 5339,11/05/2023
950,Connie,Paton,cpatonqd@dailymotion.com,China,364 478 2513,18/01/2023
951,Carlos,Garnall,cgarnallqe@virginia.edu,Finland,202 837 4008,26/07/2024
952,Wilbert,Benion,wbenionqf@friendfeed.com,Canada,750 747 8920,11/01/2024
953,Pyotr,Trusse,ptrusseqg@wired.com,Thailand,227 243 0800,06/02/2025
954,Timmie,Matiebe,tmatiebeqh@trellian.com,Poland,418 347 1396,20/12/2022
955,Bunny,Saxelby,bsaxelbyqi@omniture.com,Bangladesh,492 616 6553,12/10/2024
956,Marcia,Rushman,mrushmanqj@bing.com,Mexico,452 983 8449,14/02/2023
957,Sheridan,Breakey,sbreakeyqk@google.co.uk,Paraguay,704 987 3935,23/09/2023
958,Latisha,Tinline,ltinlineql@purevolume.com,Sweden,225 200 7978,13/09/2024
959,Laverna,Cuningham,lcuninghamqm@nsw.gov.au,Argentina,592 529 7394,21/04/2023
960,Aliza,Tetla,atetlaqn@chron.com,Japan,989 171 6093,19/04/2023
961,Alia,Muldrew,amuldrewqo@goodreads.com,China,818 881 1452,12/10/2023
962,Lelia,Yon,lyonqp@devhub.com,Bosnia and Herzegovina,710 317 6291,14/01/2023
963,Natalee,Decourcy,ndecourcyqq@engadget.com,Indonesia,909 980 1059,12/06/2024
964,Tabbitha,Boadby,tboadbyqr@mapy.cz,Poland,564 537 7026,10/10/2022
965,Nady,Genicke,ngenickeqs@ted.com,China,165 943 4419,15/05/2024
966,Rose,Brood,rbroodqt@opera.com,China,142 624 9810,03/05/2024
967,Grove,Barrett,gbarrettqu@qq.com,China,666 783 4537,30/03/2023
968,Donna,Bembrigg,dbembriggqv@opera.com,Japan,232 140 5124,18/04/2025
969,Nanci,Jarmain,njarmainqw@odnoklassniki.ru,Portugal,700 259 8623,20/01/2025
970,Alie,Hargrave,ahargraveqx@youtu.be,Portugal,213 870 1243,07/07/2025
971,Tabbie,Gilchriest,tgilchriestqy@moonfruit.com,Japan,902 519 2426,11/05/2025
972,Melvin,Francesconi,mfrancesconiqz@ibm.com,France,982 698 6828,20/10/2022
973,Heriberto,Sellack,hsellackr0@myspace.com,China,623 885 6968,11/09/2023
974,Rebbecca,Bettington,rbettingtonr1@microsoft.com,Portugal,619 699 0781,15/06/2023
975,Naomi,Romaint,nromaintr2@springer.com,Sweden,996 577 3222,26/02/2025
976,Joshia,Letten,jlettenr3@angelfire.com,Greece,837 433 7700,30/01/2025
977,Moina,Gale,mgaler4@furl.net,Finland,501 403 2790,30/07/2023
978,Hal,Vian,hvianr5@whitehouse.gov,Indonesia,358 542 1506,07/04/2025
979,Fernande,Simone,fsimoner6@mozilla.com,China,249 795 7874,13/12/2022
980,Temp,Creech,tcreechr7@latimes.com,Brazil,112 471 2724,13/03/2024
981,Magdalena,Scafe,mscafer8@state.gov,Sweden,878 239 4960,18/09/2023
982,Jenny,Sandal,jsandalr9@shop-pro.jp,Indonesia,416 621 0331,28/05/2024
983,Cissiee,Esel,ceselra@ca.gov,Serbia,760 940 4147,26/12/2023
984,Gearard,Kensall,gkensallrb@netscape.com,China,179 523 9200,28/02/2025
985,Gretta,Dolby,gdolbyrc@google.it,Madagascar,659 836 0248,01/04/2023
986,Beverlie,McNab,bmcnabrd@nationalgeographic.com,Indonesia,318 302 8919,08/02/2024
987,Rosabella,Ethelstone,rethelstonere@sun.com,Indonesia,532 652 1075,30/09/2023
988,Almeta,Yeardsley,ayeardsleyrf@amazon.co.uk,Ethiopia,197 405 9032,21/04/2024
989,Bessie,Chipping,bchippingrg@histats.com,Dominican Republic,616 888 5599,06/06/2024
990,Edgard,Heck,eheckrh@blogger.com,Indonesia,246 371 6753,01/10/2024
991,Beverly,Ruben,brubenri@salon.com,Colombia,935 809 2953,21/01/2024
992,Maria,Leddie,mleddierj@sphinn.com,Russia,572 198 5792,22/07/2023
993,Xever,Terbruggen,xterbruggenrk@mac.com,Indonesia,341 719 1588,31/10/2023
994,Guglielmo,Borris,gborrisrl@pinterest.com,China,937 930 8222,13/04/2024
995,Ysabel,Binnes,ybinnesrm@issuu.com,Albania,814 895 9737,30/10/2024
996,Hyacinth,Treske,htreskern@paypal.com,Indonesia,681 274 1921,23/02/2023
997,Deva,Manilo,dmaniloro@rediff.com,China,141 406 3656,28/10/2024
998,Arlen,Webberley,awebberleyrp@youku.com,Ukraine,730 270 2439,07/04/2023
999,Sileas,Crisp,scrisprq@netscape.com,Indonesia,731 243 8043,30/08/2023
1000,Nada,Waber,nwaberrr@cnn.com,Indonesia,887 391 4544,27/02/2025
